Date,Bitcoin,Ethereum,Cardano,Litecoin
07.02.2024,"41111,414","2249,5806","0,4656","63,6161"
06.02.2024,"40068,6934","2206,4906","0,4635","63,5192"
05.02.2024,"39710,9729","2140,1694","0,4592","62,9518"
04.02.2024,"39499,7296","2123,963","0,4591","62,0998"
03.02.2024,"39799,8145","2125,5833","0,4751","63,7501"
02.02.2024,"39980,5857","2136,7727","0,4759","62,9572"
01.02.2024,"39608,3727","2118,2655","0,4656","62,0703"
31.01.2024,"39405,2055","2112,6987","0,461","61,7528"
30.01.2024,"39576,1925","2163,1703","0,4744","62,1995"
29.01.2024,"39927,4252","2136,6421","0,4849","63,207"
28.01.2024,"38756,199","2081,5095","0,4517","63,0932"
27.01.2024,"38767,358","2087,52","0,4476","62,6663"
26.01.2024,"38545,6267","2088,8115","0,4463","61,6476"
25.01.2024,"36808,8782","2045,1466","0,4301","60,4002"
24.01.2024,"36860,076","2054,182","0,4381","60,8587"
23.01.2024,"36682,8209","2065,0425","0,4389","60,2933"
22.01.2024,"36266,5572","2121,9161","0,4395","61,8169"
21.01.2024,"38135,2681","2251,8668","0,4625","65,7423"
20.01.2024,"38193,9574","2263,2577","0,4722","65,3824"
19.01.2024,"38158,0493","2282,8763","0,4603","65,2377"
18.01.2024,"37931,2539","2268,0033","0,4615","62,4819"
17.01.2024,"39258,0557","2322,1434","0,4839","63,7242"
16.01.2024,"39666,4624","2378,816","0,4925","63,8676"
15.01.2024,"38904,8643","2297,3535","0,4826","63,2828"
14.01.2024,"38161,4369","2257,5331","0,4808","63,764"
13.01.2024,"39072,183","2349,6078","0,5014","65,6602"
12.01.2024,"39126,1072","2304,1911","0,4991","66,4779"
11.01.2024,"42254,2789","2387,3757","0,5298","65,5121"
10.01.2024,"42470,4079","2355,0403","0,5168","63,6536"
09.01.2024,"42162,6534","2142,2256","0,4672","61,2625"
08.01.2024,"42869,2619","2130,0849","0,4939","61,8986"
07.01.2024,"40111,9974","2030,8284","0,4514","58,7248"
06.01.2024,"40121,5495","2044,6464","0,4771","59,923"
05.01.2024,"40297,2623","2069,1396","0,4926","60,2213"
04.01.2024,"40405,0054","2075,9629","0,5212","60,7292"
03.01.2024,"39199,1005","2023,529","0,5099","59,7638"
02.01.2024,"41100,1973","2156,2689","0,5537","66,7155"
01.01.2024,"40004,0369","2129,0846","0,5644","67,6906"
31.12.2023,"38255,5816","2066,1929","0,5379","65,949"
30.12.2023,"38184,8705","2074,6259","0,545","66,3407"
29.12.2023,"38059,8102","2080,0169","0,5503","66,3606"
28.12.2023,"38509,8132","2120,51","0,5582","69,3526"
27.12.2023,"39086,6994","2141,3271","0,5706","68,2519"
26.12.2023,"38514,4533","2020,8653","0,5509","66,2184"
25.12.2023,"39584,5114","2062,6109","0,568","65,6355"
24.12.2023,"39074,0685","2058,46","0,5394","64,6458"
23.12.2023,"39678,54","2094,6581","0,5579","65,8379"
22.12.2023,"39929,6258","2111,5391","0,5664","66,8959"
21.12.2023,"39861,8847","2033,9239","0,5789","64,4038"
20.12.2023,"39864,6207","2009,0708","0,539","63,7823"
19.12.2023,"38494,8084","1983,2583","0,5247","64,2758"
18.12.2023,"39051,2786","2029,5432","0,55","64,8277"
17.12.2023,"38004,063","2017,7219","0,5326","65,382"
16.12.2023,"38707,761","2039,912","0,5564","66,1127"
15.12.2023,"38455,6195","2033,9189","0,5519","65,0322"
14.12.2023,"39149,3694","2106,9093","0,5845","66,3535"
13.12.2023,"39426,7132","2077,4406","0,6085","67,2762"
12.12.2023,"38433,824","2041,2937","0,5332","67,0627"
11.12.2023,"38296,6122","2064,93","0,5111","67,4197"
10.12.2023,"40658,3461","2184,5586","0,5533","71,6947"
09.12.2023,"40564,4917","2171,6503","0,5376","70,8399"
08.12.2023,"41018,7489","2189,8811","0,5073","72,8198"
07.12.2023,"40105,7068","2183,1662","0,4228","68,6313"
06.12.2023,"40614,0162","2071,6184","0,411","67,2968"
05.12.2023,"40895,0042","2128,2602","0,3943","68,7879"
04.12.2023,"38725,1233","2068,7026","0,3754","67,1636"
03.12.2023,"36677,6262","2012,5276","0,3626","66,2869"
02.12.2023,"36263,2908","1989,4759","0,3654","66,3991"
01.12.2023,"35501,7124","1914,8029","0,3527","65,6744"
30.11.2023,"34620,2796","1884,4342","0,3452","63,7456"
29.11.2023,"34471,3833","1848,1414","0,3478","63,7675"
28.11.2023,"34364,5186","1862,0209","0,35","63,3659"
27.11.2023,"34011,3363","1850,6992","0,3452","63,224"
26.11.2023,"34272,2328","1887,2328","0,3549","64,0555"
25.11.2023,"34533,2563","1904,8398","0,3608","65,6028"
24.11.2023,"34465,8087","1900,931","0,353","64,6033"
23.11.2023,"34191,5636","1890,6633","0,3543","63,7333"
22.11.2023,"34393,3138","1896,0049","0,3494","63,0895"
21.11.2023,"32951,5353","1780,1801","0,3298","61,0539"
20.11.2023,"34248,1981","1847,9251","0,3472","63,4898"
19.11.2023,"34304,8632","1846,5976","0,3524","64,7769"
18.11.2023,"33511,4163","1797,87","0,346","64,0113"
17.11.2023,"33475,4007","1793,6895","0,335","64,1957"
16.11.2023,"33377,7144","1808,607","0,3426","65,6314"
15.11.2023,"34950,3034","1899,6054","0,3492","68,2671"
14.11.2023,"32673,2914","1820,6687","0,3292","64,9847"
13.11.2023,"34143,4815","1925,105","0,3353","66,8918"
12.11.2023,"34663,2464","1913,0897","0,3585","70,1175"
11.11.2023,"34679,9015","1916,9892","0,3596","70,2168"
10.11.2023,"34889,0986","1943,3415","0,3613","68,4928"
09.11.2023,"34459,2442","1995,8137","0,345","68,9584"
08.11.2023,"33334,3002","1766,0718","0,3347","68,3423"
07.11.2023,"33139,4171","1765,0059","0,3286","68,756"
06.11.2023,"32685,4931","1772,8009","0,3393","69,4849"
05.11.2023,"32658,989","1764,9426","0,3198","66,7768"
04.11.2023,"32673,5434","1730,2329","0,306","65,6247"
03.11.2023,"32355,5121","1708,4155","0,3065","64,7623"
02.11.2023,"32898,3141","1695,747","0,3045","65,349"
01.11.2023,"33486,238","1744,4594","0,2906","66,0619"
31.10.2023,"32737,4994","1714,6363","0,2762","65,0908"
30.10.2023,"32508,922","1705,4116","0,2852","65,2136"
29.10.2023,"32703,2021","1699,8662","0,2795","65,1303"
28.10.2023,"32254,5086","1680,797","0,2753","64,1051"
27.10.2023,"32086,7692","1684,6891","0,2738","63,4267"
26.10.2023,"32340,779","1706,8204","0,2721","65,2213"
25.10.2023,"32630,9073","1690,9551","0,2654","65,0008"
24.10.2023,"31959,6126","1682,7882","0,2632","65,1414"
23.10.2023,"30888,3211","1654,3153","0,2615","64,5922"
22.10.2023,"28308,2003","1569,3712","0,2491","61,5894"
21.10.2023,"28222,2393","1537,0433","0,2439","61,0816"
20.10.2023,"28006,0086","1513,9234","0,237","59,834"
19.10.2023,"27125,7973","1480,8743","0,2333","58,3698"
18.10.2023,"26882,8025","1484,2293","0,231","57,1853"
17.10.2023,"26878,1806","1480,7947","0,2337","58,811"
16.10.2023,"27023,3414","1517,0934","0,2384","60,0171"
15.10.2023,"25802,2002","1480,1705","0,2351","58,5982"
14.10.2023,"25553,5658","1479,5298","0,235","58,663"
13.10.2023,"25537,6197","1475,3371","0,2341","58,5607"
12.10.2023,"25377,4388","1459,3054","0,2333","57,9712"
11.10.2023,"25264,309","1472,5992","0,2333","57,8684"
10.10.2023,"25831,7258","1478,3693","0,235","60,0209"
09.10.2023,"26079,0787","1493,7585","0,238","59,6626"
08.10.2023,"26448,2023","1546,1959","0,2429","61,8601"
07.10.2023,"26403,9334","1543,2569","0,2444","61,8137"
06.10.2023,"26379,5544","1553,5414","0,25","61,8524"
05.10.2023,"26000,8548","1527,8755","0,2467","61,5278"
04.10.2023,"26451,6713","1568,3327","0,2469","61,3582"
03.10.2023,"26192,427","1581,8501","0,2493","62,576"
02.10.2023,"26347,4443","1588,6843","0,2478","63,0325"
01.10.2023,"26484,9099","1641,7369","0,2518","64,6325"
30.09.2023,"25490,3764","1579,4427","0,24","62,4577"
29.09.2023,"25441,5924","1576,5303","0,2358","62,0601"
28.09.2023,"25582,7354","1564,9406","0,2359","61,776"
27.09.2023,"25081,682","1520,4419","0,233","60,4229"
26.09.2023,"24793,3045","1506,6595","0,2322","60,2983"
25.09.2023,"24831,8901","1499,8071","0,2321","60,7473"
24.09.2023,"24654,8036","1484,4839","0,228","59,705"
23.09.2023,"24925,1248","1494,3759","0,2308","61,033"
22.09.2023,"24924,5839","1494,2578","0,2297","60,3129"
21.09.2023,"24908,6235","1485,7481","0,2303","60,6607"
20.09.2023,"25471,2422","1523,3599","0,2362","60,6171"
19.09.2023,"25488,227","1539,2512","0,239","63,0663"
18.09.2023,"25019,6396","1531,3135","0,2354","61,5903"
17.09.2023,"24873,3169","1521,3765","0,2318","59,5858"
16.09.2023,"24891,5032","1532,3497","0,2347","61,2081"
15.09.2023,"24954,335","1539,2748","0,2349","61,8768"
14.09.2023,"24948,7999","1529,3968","0,2361","59,0126"
13.09.2023,"24434,211","1498,0299","0,2319","57,7689"
12.09.2023,"24037,3861","1482,1823","0,2287","55,8269"
11.09.2023,"23382,2494","1441,8155","0,2247","54,676"
10.09.2023,"24106,03","1509,0719","0,2325","57,0356"
09.09.2023,"24179,654","1526,6919","0,2367","58,9221"
08.09.2023,"24192,6248","1528,0035","0,2376","58,4509"
07.09.2023,"24496,6247","1538,8284","0,2409","59,4662"
06.09.2023,"24022,1641","1522,8232","0,2404","58,6067"
05.09.2023,"24031,4701","1522,5173","0,2401","58,8383"
04.09.2023,"23930,5312","1510,8263","0,2374","59,0463"
03.09.2023,"24078,47","1516,7669","0,2371","59,2675"
02.09.2023,"23975,1029","1517,1652","0,2375","59,8285"
01.09.2023,"23927,654","1510,8263","0,2368","58,444"
31.08.2023,"23914,4771","1518,0948","0,2355","58,9887"
30.08.2023,"24982,0959","1560,2463","0,2432","61,9172"
29.08.2023,"25503,2664","1590,1306","0,2506","63,3705"
28.08.2023,"24117,1137","1527,1058","0,2471","60,5483"
27.08.2023,"24160,6424","1534,65","0,2439","60,5369"
26.08.2023,"24092,2272","1524,7949","0,2417","60,2335"
25.08.2023,"24130,2874","1531,6592","0,2418","60,3249"
24.08.2023,"24194,9151","1536,2719","0,2463","60,0706"
23.08.2023,"24317,1419","1544,5652","0,2467","60,3467"
22.08.2023,"24003,3945","1507,2223","0,2381","59,6529"
21.08.2023,"23963,655","1529,433","0,2415","61,4335"
20.08.2023,"24077,3889","1548,4587","0,2489","59,9659"
19.08.2023,"23957,9531","1532,2952","0,2464","58,8623"
18.08.2023,"23925,9214","1525,5559","0,2424","58,891"
17.08.2023,"24472,6468","1548,2729","0,2351","59,7769"
16.08.2023,"26393,0719","1661,1618","0,2525","68,4719"
15.08.2023,"26748,2839","1675,2088","0,2585","72,7033"
14.08.2023,"26961,9633","1690,6562","0,2665","75,2299"
13.08.2023,"26758,701","1680,728","0,2644","74,8929"
12.08.2023,"26847,1737","1687,3968","0,2664","76,1534"
11.08.2023,"26834,9237","1686,3416","0,2679","76,2132"
10.08.2023,"26795,1519","1685,6053","0,2697","75,6123"
09.08.2023,"26941,7243","1689,7849","0,2743","76,5716"
08.08.2023,"27159,6022","1693,4074","0,2716","76,6222"
07.08.2023,"26513,0805","1659,6953","0,2637","74,7945"
06.08.2023,"26393,2608","1660,2226","0,2653","74,9198"
05.08.2023,"26347,484","1664,6741","0,2663","75,3662"
04.08.2023,"26369,1074","1657,7877","0,2662","74,462"
03.08.2023,"26644,6575","1676,3578","0,2674","75,6782"
02.08.2023,"26630,5908","1678,9174","0,2736","79,9006"
01.08.2023,"26921,8294","1699,4989","0,2811","85,1143"
31.07.2023,"26582,7957","1688,429","0,2797","83,9073"
30.07.2023,"26548,6026","1688,7247","0,2859","85,3886"
29.07.2023,"26617,2658","1705,4938","0,2835","85,8456"
28.07.2023,"26582,1142","1700,0504","0,2812","82,9712"
27.07.2023,"26603,1538","1694,1594","0,2802","82,3764"
26.07.2023,"26489,065","1689,1501","0,2768","81,885"
25.07.2023,"26456,7409","1681,3812","0,2752","81,0231"
24.07.2023,"26381,6224","1672,7038","0,2762","80,6213"
23.07.2023,"27022,6732","1697,7418","0,285","83,7838"
22.07.2023,"26727,8386","1673,923","0,2774","82,6272"
21.07.2023,"26873,3593","1699,7405","0,2814","84,441"
20.07.2023,"26759,7179","1698,4389","0,2839","82,9657"
19.07.2023,"26719,103","1687,6804","0,2892","82,2428"
18.07.2023,"26587,6088","1689,8264","0,2734","81,4283"
17.07.2023,"26835,104","1702,0304","0,2783","82,1484"
16.07.2023,"26924,4532","1712,4575","0,2805","82,8483"
15.07.2023,"26957,7841","1718,5828","0,2903","84,3102"
14.07.2023,"26970,8242","1724,3276","0,2924","84,5719"
13.07.2023,"28025,1025","1785,5865","0,3191","90,7269"
12.07.2023,"27280,4405","1680,4456","0,259","86,3988"
11.07.2023,"27803,3327","1705,2507","0,2659","87,8814"
10.07.2023,"27628,3067","1708,7066","0,2616","87,887"
09.07.2023,"27510,1907","1698,735","0,2595","86,78"
08.07.2023,"27594,0332","1699,459","0,2649","89,1693"
07.07.2023,"27646,5025","1704,7115","0,2593","89,4933"
06.07.2023,"27522,2934","1703,445","0,2577","88,1601"
05.07.2023,"28102,3325","1760,4838","0,2621","94,6157"
04.07.2023,"28284,1842","1779,9684","0,2691","96,4371"
03.07.2023,"28548,9339","1791,0172","0,2714","97,7967"
02.07.2023,"28075,7177","1775,9907","0,2681","103,7755"
01.07.2023,"28021,9177","1763,1673","0,2678","98,1563"
30.06.2023,"27930,3185","1772,3746","0,263","98,8822"
29.06.2023,"28028,2456","1705,1325","0,2537","78,0788"
28.06.2023,"27555,0268","1674,7687","0,2448","76,1253"
27.06.2023,"28024,9001","1725,2321","0,2616","80,3502"
26.06.2023,"27751,341","1704,4498","0,2571","79,9379"
25.06.2023,"27935,1641","1742,2764","0,2681","80,9537"
24.06.2023,"27995,8542","1719,9492","0,2654","82,0451"
23.06.2023,"28055,0235","1732,1687","0,271","83,4207"
22.06.2023,"27301,8297","1709,4563","0,265","78,5592"
21.06.2023,"27345,9796","1721,2421","0,261","77,4252"
20.06.2023,"25995,7784","1642,1376","0,2476","73,576"
19.06.2023,"24518,9768","1587,9339","0,2405","70,8155"
18.06.2023,"24066,7506","1571,9403","0,2385","70,5186"
17.06.2023,"24197,6432","1576,6504","0,2437","70,1848"
16.06.2023,"24027,1637","1566,8396","0,2402","69,413"
15.06.2023,"23352,2588","1520,836","0,2391","68,0486"
14.06.2023,"23167,6933","1522,6847","0,2427","67,5285"
13.06.2023,"24010,6602","1611,5431","0,2547","71,741"
12.06.2023,"24056,0663","1618,2154","0,2558","72,0425"
11.06.2023,"24114,1137","1629,6473","0,2532","72,2245"
10.06.2023,"24040,6854","1629,9061","0,2572","71,9322"
09.06.2023,"24641,066","1712,4511","0,2747","83,0139"
08.06.2023,"24578,7216","1711,8744","0,2995","82,0394"
07.06.2023,"24624,9106","1712,3742","0,301","83,0394"
06.06.2023,"25434,9218","1759,8287","0,3307","84,9287"
05.06.2023,"24035,7544","1689,9737","0,3289","82,0218"
04.06.2023,"25347,4014","1767,4691","0,3532","88,1647"
03.06.2023,"25260,2174","1765,655","0,3507","89,5591"
02.06.2023,"25433,1967","1780,1033","0,353","88,9818"
01.06.2023,"24920,0905","1729,6121","0,3393","87,2982"
31.05.2023,"25466,1743","1752,6051","0,3504","84,706"
30.05.2023,"25801,6035","1770,7246","0,3521","86,0285"
29.05.2023,"25919,6057","1768,0372","0,3541","84,9906"
28.05.2023,"26209,999","1785,0828","0,3572","85,3908"
27.05.2023,"25034,0233","1706,5021","0,3417","82,5949"
26.05.2023,"24896,6546","1704,0937","0,3381","81,3297"
25.05.2023,"24687,3179","1684,0054","0,3342","80,6623"
24.05.2023,"24489,856","1674,0194","0,3387","80,0106"
23.05.2023,"25280,0453","1721,9023","0,344","85,1081"
22.05.2023,"24841,6367","1681,4192","0,3404","84,1082"
21.05.2023,"24735,5934","1668,0365","0,3333","85,3426"
20.05.2023,"25073,3727","1682,5479","0,3386","85,3693"
19.05.2023,"24842,062","1674,6254","0,3404","84,8042"
18.05.2023,"24905,029","1671,9799","0,3456","84,0908"
17.05.2023,"25283,9805","1680,7431","0,3464","86,6264"
16.05.2023,"24876,0621","1678,4201","0,3385","82,8124"
15.05.2023,"25012,1071","1671,5234","0,3381","80,161"
14.05.2023,"24802,0481","1658,5422","0,3414","76,8333"
13.05.2023,"24506,059","1643,0383","0,3336","73,3786"
12.05.2023,"24513,635","1653,1803","0,3383","73,6122"
11.05.2023,"24758,5276","1647,7881","0,3301","74,2795"
10.05.2023,"25171,4691","1678,6234","0,3373","73,9225"
09.05.2023,"25219,9298","1686,0606","0,3318","72,9762"
08.05.2023,"25201,7444","1682,3163","0,3326","70,8505"
07.05.2023,"25843,191","1707,1497","0,3423","75,9317"
06.05.2023,"25794,575","1696,1613","0,3392","74,6335"
05.05.2023,"26341,8564","1779,2462","0,352","79,252"
04.05.2023,"26165,0315","1702,8732","0,3514","80,2681"
03.05.2023,"26202,9223","1719,9542","0,3557","80,303"
02.05.2023,"26015,4343","1698,4297","0,3554","80,1834"
01.05.2023,"25616,4973","1669,303","0,3527","79,0588"
30.04.2023,"26632,0269","1708,9277","0,3611","80,4938"
29.04.2023,"26269,6668","1713,139","0,3618","81,8132"
28.04.2023,"26376,0949","1701,5878","0,364","80,6849"
27.04.2023,"26714,3292","1730,7557","0,3713","81,2726"
26.04.2023,"25692,2862","1689,6966","0,3632","79,8444"
25.04.2023,"25803,6479","1701,3737","0,3596","83,0681"
24.04.2023,"24893,1282","1666,5054","0,3474","79,9839"
23.04.2023,"25100,064","1694,2385","0,3538","79,0339"
22.04.2023,"25077,8944","1689,708","0,3571","78,5232"
21.04.2023,"24585,9907","1666,8856","0,345","77,0982"
20.04.2023,"25773,5913","1773,8338","0,3656","82,3432"
19.04.2023,"26303,9745","1767,6759","0,3792","82,4732"
18.04.2023,"27682,0429","1917,3045","0,4042","92,7704"
17.04.2023,"26936,3967","1899,0393","0,3975","90,2412"
16.04.2023,"27599,8741","1929,9892","0,4111","91,367"
15.04.2023,"27312,3454","1885,4588","0,4087","87,2477"
14.04.2023,"27465,125","1893,8317","0,3948","86,8533"
13.04.2023,"27502,3982","1820,3711","0,3853","85,2684"
12.04.2023,"27174,5779","1743,9251","0,3682","83,7809"
11.04.2023,"27711,1714","1733,4616","0,3676","86,3439"
10.04.2023,"27257,5497","1755,4026","0,365","86,2646"
09.04.2023,"25969,5426","1703,6102","0,3569","83,089"
08.04.2023,"25415,2326","1682,1232","0,3507","81,8563"
07.04.2023,"25394,7045","1696,8458","0,349","82,3976"
06.04.2023,"25680,0446","1714,5584","0,351","83,2674"
05.04.2023,"25832,048","1750,8502","0,3598","84,924"
04.04.2023,"25701,6155","1707,5375","0,3555","84,3898"
03.04.2023,"25446,2148","1657,7237","0,3549","85,2215"
02.04.2023,"26093,7383","1661,2112","0,3531","86,079"
01.04.2023,"26200,6658","1676,1505","0,362","85,2633"
31.03.2023,"26201,3555","1676,5714","0,3671","82,5379"
30.03.2023,"25704,6669","1643,803","0,3454","81,6509"
29.03.2023,"26141,3948","1653,028","0,3523","84,311"
28.03.2023,"25148,9734","1635,9121","0,3397","82,2552"
27.03.2023,"25126,4329","1587,9878","0,3199","82,6011"
26.03.2023,"25992,5766","1647,9216","0,3307","86,8316"
25.03.2023,"25504,4297","1617,3215","0,3267","84,9379"
24.03.2023,"25462,9973","1623,2723","0,3341","86,8946"
23.03.2023,"26152,7132","1676,7846","0,3433","86,4772"
22.03.2023,"25130,2706","1598,9765","0,3318","80,4958"
21.03.2023,"26140,9876","1678,0341","0,3447","76,7852"
20.03.2023,"25886,8448","1616,7457","0,31","73,1238"
19.03.2023,"26229,2685","1671,2072","0,3246","79,2155"
18.03.2023,"25048,1428","1634,9959","0,3131","76,9491"
17.03.2023,"25463,3625","1663,9495","0,3257","79,5276"
16.03.2023,"23614,2885","1580,6509","0,3068","74,5428"
15.03.2023,"23009,1574","1561,8358","0,3063","72,1097"
14.03.2023,"23101,8189","1590,5378","0,3213","78,7595"
13.03.2023,"22518,9787","1564,9197","0,321","76,2185"
12.03.2023,"20704,5263","1484,8641","0,3099","71,2799"
11.03.2023,"19404,4888","1393,6811","0,2887","65,5134"
10.03.2023,"18933,8673","1341,0927","0,2959","67,352"
09.03.2023,"19246,4647","1359,8536","0,2925","72,4971"
08.03.2023,"20591,4724","1455,2766","0,3013","78,5167"
07.03.2023,"21064,1606","1480,9505","0,3133","81,8098"
06.03.2023,"20987,6339","1466,6799","0,3095","81,8084"
05.03.2023,"21118,1441","1472,5622","0,3172","84,6653"
04.03.2023,"21000,375","1472,2761","0,3158","83,8564"
03.03.2023,"21011,3365","1474,6246","0,3218","85,0279"
02.03.2023,"22149,2183","1554,2892","0,3302","89,7892"
01.03.2023,"22169,817","1558,95","0,3379","91,6415"
28.02.2023,"21895,6894","1518,8899","0,3334","88,6568"
27.02.2023,"22168,883","1539,6247","0,3437","88,6136"
26.02.2023,"22304,9542","1553,3747","0,3494","90,1937"
25.02.2023,"21914,6569","1507,9613","0,3427","88,1941"
24.02.2023,"21922,0229","1519,9528","0,3456","86,5173"
23.02.2023,"22592,1713","1557,6612","0,3614","89,361"
22.02.2023,"22808,0137","1549,3304","0,3666","89,7641"
21.02.2023,"22932,9766","1556,0034","0,3683","87,9383"
20.02.2023,"23210,3342","1592,3605","0,3775","89,8259"
19.02.2023,"22797,2296","1573,9225","0,3743","91,3198"
18.02.2023,"22991,1733","1577,7975","0,3796","93,0551"
17.02.2023,"22917,7734","1582,0617","0,3771","93,6379"
16.02.2023,"22130,2444","1535,9612","0,3635","92,8193"
15.02.2023,"22733,1393","1565,9649","0,3903","96,1663"
14.02.2023,"20702,6752","1450,7624","0,3599","89,0741"
13.02.2023,"20338,5681","1405,4559","0,3354","85,0424"
12.02.2023,"20382,7821","1416,8105","0,3406","86,4129"
11.02.2023,"20462,0396","1440,4589","0,3454","88,3605"
10.02.2023,"20257,8655","1417,8996","0,3357","87,5004"
09.02.2023,"20324,1166","1462,5556","0,3435","85,7158"
08.02.2023,"21416,0692","1541,3388","0,368","92,6046"
07.02.2023,"21687,2855","1558,857","0,372","94,1132"
06.02.2023,"21215,9339","1506,6933","0,3565","89,6038"
05.02.2023,"21283,1877","1513,4339","0,3639","89,3711"
04.02.2023,"21574,9034","1541,3618","0,3699","91,1894"
03.02.2023,"21692,4208","1539,8144","0,3744","92,486"
02.02.2023,"21540,0388","1508,6774","0,3653","90,5889"
01.02.2023,"21538,0035","1490,173","0,3608","91,242"
31.01.2023,"21310,8534","1461,2956","0,3605","86,8938"
30.01.2023,"21037,189","1444,1368","0,343","84,096"
29.01.2023,"21874,5564","1514,489","0,3647","87,5079"
28.01.2023,"21169,8892","1444,6557","0,3513","82,4306"
27.01.2023,"21215,6348","1469,6564","0,3581","81,689"
26.01.2023,"21133,0857","1470,9122","0,3486","80,3625"
25.01.2023,"21186,9582","1476,0857","0,3418","81,88"
24.01.2023,"20777,8271","1428,3289","0,3299","80,0548"
23.01.2023,"21109,8886","1498,1262","0,3454","82,857"
22.01.2023,"20919,5546","1499,8226","0,347","80,6905"
21.01.2023,"20940,3435","1495,675","0,3393","81,2066"
20.01.2023,"20833,7186","1525,6495","0,3341","83,2113"
19.01.2023,"19449,5131","1431,4976","0,313","77,6793"
18.01.2023,"19163,3415","1403,8675","0,3028","76,6871"
17.01.2023,"19632,5932","1454,87","0,321","80,8313"
16.01.2023,"19548,9739","1457,0978","0,3232","79,2549"
15.01.2023,"19284,0854","1433,5178","0,3236","80,6933"
14.01.2023,"19365,3728","1431,2599","0,3255","80,9343"
13.01.2023,"18337,1859","1337,5646","0,3184","79,5877"
12.01.2023,"17379,0512","1305,6429","0,3037","79,1122"
11.01.2023,"16654,4405","1288,8706","0,2999","78,2227"
10.01.2023,"16240,7523","1244,4474","0,3","75,3042"
09.01.2023,"16021,8451","1231,0645","0,2952","76,1431"
08.01.2023,"16005,8885","1205,0457","0,2753","72,4796"
07.01.2023,"15897,2775","1185,4527","0,2598","71,5942"
06.01.2023,"15899,8219","1190,5686","0,2615","71,2874"
05.01.2023,"16003,5024","1188,7612","0,2558","70,5742"
04.01.2023,"15895,8305","1183,9104","0,2521","71,1"
03.01.2023,"15817,7659","1151,8708","0,2397","71,7141"
02.01.2023,"15637,1655","1137,8196","0,2378","70,1539"
01.01.2023,"15394,9272","1111,955","0,2311","65,5311"
31.12.2022,"15426,3324","1115,8195","0,2295","65,2534"
30.12.2022,"15480,3807","1118,014","0,2289","63,3706"
29.12.2022,"15607,5759","1127,0637","0,2289","62,6128"
28.12.2022,"15569,4548","1118,9973","0,2338","62,411"
27.12.2022,"15715,0793","1140,0425","0,2448","64,6358"
26.12.2022,"15888,16","1152,3914","0,2491","66,3328"
25.12.2022,"15854,009","1147,3043","0,2441","65,1423"
24.12.2022,"15795,1904","1144,9371","0,2432","61,6379"
23.12.2022,"15746,3777","1143,9008","0,2432","61,6745"
22.12.2022,"15874,5014","1149,2752","0,2419","62,3576"
21.12.2022,"15847,7114","1143,1816","0,2384","61,6167"
20.12.2022,"15908,8224","1146,0929","0,2439","61,8531"
19.12.2022,"15493,9343","1100,63","0,2384","59,7746"
18.12.2022,"15849,0952","1121,1695","0,2522","61,1126"
17.12.2022,"15856,2987","1121,9867","0,2521","61,375"
16.12.2022,"15691,1","1100,3957","0,2485","62,488"
15.12.2022,"16320,8647","1189,6594","0,2819","67,948"
14.12.2022,"16689,258","1226,3802","0,2886","70,7092"
13.12.2022,"16731,8069","1242,394","0,2937","72,7662"
12.12.2022,"16327,8431","1209,5574","0,2912","72,3351"
11.12.2022,"16258,1644","1201,4","0,2926","72,8481"
10.12.2022,"16243,7295","1200,4603","0,2964","72,4283"
09.12.2022,"16251,9354","1198,6255","0,2955","72,3972"
08.12.2022,"16333,0554","1214,2297","0,2984","74,3561"
07.12.2022,"16028,4698","1172,9211","0,2953","73,3457"
06.12.2022,"16323,0675","1214,9514","0,3044","76,3185"
05.12.2022,"16171,5491","1199,8748","0,3044","76,446"
04.12.2022,"16255,2154","1214,8801","0,3063","73,2453"
03.12.2022,"16053,7664","1180,0427","0,3035","72,8117"
02.12.2022,"16212,7357","1227,6452","0,3031","73,9864"
01.12.2022,"16113,2765","1212,196","0,2987","73,6568"
30.11.2022,"16482,2373","1243,6812","0,3062","76,1806"
29.11.2022,"15934,8293","1179,1945","0,2998","73,6262"
28.11.2022,"15679,4288","1131,0929","0,2963","71,6435"
27.11.2022,"15865,9571","1153,6671","0,3013","72,3823"
26.11.2022,"15815,0777","1158,3162","0,3015","73,394"
25.11.2022,"15870,3928","1151,8011","0,3026","71,1543"
24.11.2022,"15939,3288","1155,9091","0,3038","75,802"
23.11.2022,"15951,5824","1136,4086","0,3058","75,9845"
22.11.2022,"15691,4955","1100,1491","0,3023","68,2421"
21.11.2022,"15416,1951","1082,5231","0,2975","59,9332"
20.11.2022,"15771,8255","1105,7418","0,3024","60,0757"
19.11.2022,"16159,1599","1178,2911","0,3176","61,7056"
18.11.2022,"16139,3465","1171,9983","0,3155","60,5363"
17.11.2022,"16100,0298","1158,203","0,3133","60,2984"
16.11.2022,"16033,2975","1169,4758","0,3198","55,3142"
15.11.2022,"16286,1946","1207,4205","0,3252","55,9698"
14.11.2022,"16116,7375","1203,3001","0,3214","54,7848"
13.11.2022,"15825,2676","1182,9105","0,3189","55,5651"
12.11.2022,"16206,9914","1210,6248","0,3272","57,7125"
11.11.2022,"16439,7918","1243,2325","0,3424","59,0663"
10.11.2022,"17235,7489","1273,5799","0,3615","59,1608"
09.11.2022,"15843,4779","1097,5787","0,3172","50,5808"
08.11.2022,"18389,5349","1322,1855","0,3692","56,9596"
07.11.2022,"20556,4109","1565,9298","0,4037","67,5694"
06.11.2022,"21080,4085","1585,3781","0,4071","68,5632"
05.11.2022,"21313,9912","1630,3221","0,4282","70,0719"
04.11.2022,"21186,1018","1647,8996","0,4221","67,6552"
03.11.2022,"20725,3403","1570,4423","0,3992","63,4946"
02.11.2022,"20533,8251","1548,1118","0,3934","61,4519"
01.11.2022,"20734,7087","1598,9406","0,4061","55,8061"
31.10.2022,"20735,6783","1591,4354","0,4112","55,7796"
30.10.2022,"20720,9983","1596,743","0,4077","55,6395"
29.10.2022,"20889,1942","1625,811","0,421","56,6605"
28.10.2022,"20678,1028","1561,4901","0,4066","55,2167"
27.10.2022,"20352,1603","1521,1443","0,3906","55,0217"
26.10.2022,"20594,896","1554,6497","0,3998","55,8876"
25.10.2022,"20180,902","1467,964","0,4054","56,3381"
24.10.2022,"19565,0002","1359,8251","0,3621","53,1536"
23.10.2022,"19837,6236","1381,8657","0,3669","54,6664"
22.10.2022,"19486,0303","1333,3417","0,3568","52,9519"
21.10.2022,"19444,1325","1317,9949","0,3539","52,3651"
20.10.2022,"19481,8435","1311,7666","0,3478","52,3413"
19.10.2022,"19586,7596","1315,1316","0,3581","52,1698"
18.10.2022,"19624,9925","1330,602","0,3673","52,675"
17.10.2022,"19873,6406","1354,3353","0,379","52,7264"
16.10.2022,"19773,4852","1340,8554","0,3799","52,8487"
15.10.2022,"19611,6961","1311,9321","0,374","51,9476"
14.10.2022,"19733,6799","1335,0497","0,3774","52,7919"
13.10.2022,"19841,0972","1318,7489","0,3868","52,4738"
12.10.2022,"19734,8188","1333,8669","0,3926","53,7723"
11.10.2022,"19638,9029","1318,8643","0,4027","53,6025"
10.10.2022,"19716,5163","1330,473","0,4141","54,407"
09.10.2022,"19970,6098","1358,1279","0,4342","55,321"
08.10.2022,"19919,8269","1349,9222","0,4327","54,1701"
07.10.2022,"20059,9886","1368,0523","0,4356","54,2378"
06.10.2022,"20383,118","1380,8007","0,4381","54,666"
05.10.2022,"20347,92","1365,6275","0,4352","55,069"
04.10.2022,"20372,4593","1364,9372","0,4369","55,4173"
03.10.2022,"19953,1724","1346,1199","0,4355","55,1162"
02.10.2022,"19452,787","1304,0132","0,4286","53,0557"
01.10.2022,"19698,2877","1337,7452","0,439","54,0083"
30.09.2022,"19845,2703","1355,1144","0,4429","54,5128"
29.09.2022,"19881,8449","1358,2956","0,4455","54,8521"
28.09.2022,"20005,5968","1377,4138","0,4506","54,8882"
27.09.2022,"19915,0272","1386,3198","0,4604","54,9454"
26.09.2022,"19976,3199","1386,9887","0,4638","55,5077"
25.09.2022,"19405,1324","1336,0305","0,4602","54,3235"
24.09.2022,"19548,2768","1360,1102","0,4662","55,2678"
23.09.2022,"19899,5411","1370,7896","0,4766","56,7185"
22.09.2022,"19751,0555","1351,2595","0,4672","54,4118"
21.09.2022,"18844,1587","1271,8998","0,4472","52,0659"
20.09.2022,"18935,5592","1327,2412","0,4427","52,4781"
19.09.2022,"19515,2473","1376,2086","0,453","52,715"
18.09.2022,"19369,7359","1331,8622","0,4467","52,7734"
17.09.2022,"20097,0636","1467,4743","0,4864","57,6866"
16.09.2022,"19724,4572","1428,807","0,4727","55,6934"
15.09.2022,"19713,3862","1473,0354","0,466","56,3808"
14.09.2022,"20299,4071","1638,2366","0,483","60,256"
13.09.2022,"20230,619","1579,1243","0,4664","59,1582"
12.09.2022,"22082,0906","1690,2366","0,4951","60,6057"
11.09.2022,"21606,2201","1748,7761","0,5057","61,8129"
10.09.2022,"21353,6081","1749,3843","0,5043","62,4421"
09.09.2022,"21033,6799","1690,9728","0,4944","60,2451"
08.09.2022,"19308,2269","1633,8342","0,4792","57,9476"
07.09.2022,"19298,7766","1632,2393","0,4794","57,4684"
06.09.2022,"19044,1852","1578,9686","0,4681","54,8874"
05.09.2022,"19932,534","1629,0914","0,5026","60,8914"
04.09.2022,"20156,0986","1590,5459","0,5066","61,405"
03.09.2022,"19908,6162","1562,7064","0,4824","60,3606"
02.09.2022,"20040,1365","1582,3158","0,4563","61,1852"
01.09.2022,"20212,916","1593,833","0,4595","57,8029"
31.08.2022,"19969,1433","1547,0249","0,4448","53,6407"
30.08.2022,"19737,8836","1519,5444","0,4506","52,923"
29.08.2022,"20264,2709","1550,4984","0,45","55,6904"
28.08.2022,"19771,7439","1444,8725","0,4343","54,1526"
27.08.2022,"20129,818","1499,4521","0,4518","53,2843"
26.08.2022,"20306,3079","1508,9471","0,432","52,8355"
25.08.2022,"21660,5083","1700,7746","0,466","56,9793"
24.08.2022,"21468,9602","1663,0999","0,4595","56,6604"
23.08.2022,"21598,1931","1667,4242","0,4667","57,2631"
22.08.2022,"21499,3244","1629,2968","0,4631","57,4614"
21.08.2022,"21457,8214","1613,2462","0,4617","55,3441"
20.08.2022,"21091,0475","1571,3929","0,4496","53,9787"
19.08.2022,"20807,7446","1606,9611","0,449","53,7328"
18.08.2022,"22998,3901","1830,1005","0,5079","59,4883"
17.08.2022,"22911,6302","1799,368","0,5268","59,2847"
16.08.2022,"23485,7759","1846,7349","0,5487","60,2835"
15.08.2022,"23761,3856","1875,1834","0,5423","59,852"
14.08.2022,"23717,9134","1889,2679","0,5564","61,7348"
13.08.2022,"23806,2435","1931,1622","0,5462","62,1421"
12.08.2022,"23780,2728","1907,4729","0,5273","61,3312"
11.08.2022,"23216,8981","1822,9039","0,5148","59,9733"
10.08.2022,"23237,8309","1797,3441","0,5213","59,8074"
09.08.2022,"22702,9039","1668,6814","0,504","58,0788"
08.08.2022,"23341,1113","1739,8263","0,5258","61,3803"
07.08.2022,"22773,5858","1669,6421","0,5186","60,0389"
06.08.2022,"22551,1875","1661,9864","0,5024","59,8574"
05.08.2022,"22796,8863","1689,4899","0,5064","61,0762"
04.08.2022,"22104,6028","1570,815","0,4876","58,4133"
03.08.2022,"22505,0118","1594,7095","0,4934","56,9008"
02.08.2022,"22626,6522","1610,5669","0,49","57,4218"
01.08.2022,"22717,1977",1592,"0,5001","57,92"
31.07.2022,"22864,0221","1647,1202","0,5069","58,7015"
30.07.2022,"23136,7022","1658,1536","0,5138","59,0649"
29.07.2022,"23277,2585","1693,4238","0,5122","59,6664"
28.07.2022,"23388,2945","1692,4174","0,5033","62,2747"
27.07.2022,"22464,9254","1603,0967","0,499","57,7238"
26.07.2022,"20940,7192","1416,7168","0,4607","53,0472"
25.07.2022,"20918,8376","1417,6066","0,4668","53,3193"
24.07.2022,"22179,0416","1570,0121","0,5046","57,3716"
23.07.2022,"22011,3029","1517,8737","0,5066","55,2848"
22.07.2022,"22249,3924","1504,1757","0,4738","55,0018"
21.07.2022,"22657,5477","1542,4896","0,4892","56,8428"
20.07.2022,"22840,692","1494,2225","0,4826","56,2913"
19.07.2022,"22859,6365","1507,5242","0,5042","56,6938"
18.07.2022,"22066,6223","1545,8727","0,4843","57,6359"
17.07.2022,"20595,0921","1329,2151","0,4438","55,3396"
16.07.2022,"21028,1791","1342,3615","0,4535","54,699"
15.07.2022,"20659,7586","1222,9221","0,4388","51,3603"
14.07.2022,"20516,8494","1188,5015","0,4401","51,0993"
13.07.2022,"20120,7571","1109,2268","0,4359","49,379"
12.07.2022,"19255,2083","1034,8572","0,4161","47,3891"
11.07.2022,"19896,6106","1092,6275","0,4337","48,5766"
10.07.2022,"20510,9515","1149,0306","0,4556","51,2902"
09.07.2022,"21195,484","1194,396","0,4699","53,177"
08.07.2022,"21406,0245","1208,5239","0,4611","50,8335"
07.07.2022,"21281,2634","1217,6293","0,4703","51,2966"
06.07.2022,"20177,9711","1166,146","0,4541","49,4497"
05.07.2022,"19667,9741","1105,7736","0,4464","48,5898"
04.07.2022,"19394,5871","1103,4791","0,4496","50,0753"
03.07.2022,"18496,2825","1029,5283","0,437","48,8847"
02.07.2022,"18449,5881","1022,6594","0,4378","48,4054"
01.07.2022,"18534,0378","1019,6481","0,4312","49,0958"
30.06.2022,"18859,8422","1014,3188","0,4386","51,1484"
29.06.2022,"19232,3887","1050,7865","0,4449","51,0911"
28.06.2022,"19271,4406","1086,8773","0,4462","50,208"
27.06.2022,"19601,1216","1128,5217","0,4592","52,858"
26.06.2022,"19906,325","1137,0005","0,4635","53,9947"
25.06.2022,"20349,8234","1177,3596","0,4721","55,8241"
24.06.2022,"20145,187","1167,7684","0,4749","53,1719"
23.06.2022,"20035,683","1086,6027","0,4567","53,0055"
22.06.2022,"18916,8535","995,8124","0,4342","49,3438"
21.06.2022,"19675,0727","1068,3119","0,4552","50,8732"
20.06.2022,"19622,3442","1073,9269","0,4701","50,4035"
19.06.2022,"19565,5405","1073,738","0,4615","51,8191"
18.06.2022,"18122,924","946,8795","0,4355","44,9912"
17.06.2022,"19495,811","1035,395","0,4646","45,4364"
16.06.2022,"21383,6314","1164,5862","0,5002","47,8221"
15.06.2022,"21537,1275","1175,1112","0,5092","48,1875"
14.06.2022,"21285,2116","1161,9742","0,4648","44,1592"
13.06.2022,"21586,682","1153,3563","0,4431","41,3446"
12.06.2022,"25532,0385","1381,1745","0,4752","45,9356"
11.06.2022,"26969,5538","1454,2495","0,5251","49,7383"
10.06.2022,"27644,2352","1582,3555","0,5456","53,8733"
09.06.2022,"28349,5069","1684,933","0,5958","56,6579"
08.06.2022,"28194,7369","1673,5626","0,5986","57,4416"
07.06.2022,"29142,7016","1696,7758","0,5758","59,7464"
06.06.2022,"29334,9364","1738,28","0,5694","60,1749"
05.06.2022,"27883,7283","1682,9285","0,5289","58,9323"
04.06.2022,"27819,6284","1679,6974","0,5274","59,4516"
03.06.2022,"27713,9084","1656,1577","0,5221","58,4747"
02.06.2022,"28339,1851","1706,0573","0,5467","59,9272"
01.06.2022,"27969,7665","1713,5098","0,5197","59,1888"
31.05.2022,"29649,4341","1814,5318","0,5853","63,9608"
30.05.2022,"29424,1267","1849,9559","0,5291","64,0684"
29.05.2022,"27424,7586","1687,7121","0,4478","59,4039"
28.05.2022,"27050,0963","1670,7758","0,4332","58,7695"
27.05.2022,"26655,5057","1606,3648","0,4238","57,346"
26.05.2022,"27331,97","1685,9812","0,4494","59,6033"
25.05.2022,"27673,2838","1820,0396","0,4806","63,9309"
24.05.2022,"27635,5484","1843,8142","0,4856","65,5322"
23.05.2022,"27256,6199","1847,0047","0,4803","64,6326"
22.05.2022,"28702,0846","1933,4291","0,5132","67,9145"
21.05.2022,"27848,5123","1868,714","0,4999","65,9381"
20.05.2022,"27650,5578","1856,5563","0,4904","64,9988"
19.05.2022,"28676,0172","1909,4724","0,5041","68,1717"
18.05.2022,"27464,9128","1832,6122","0,4837","63,5062"
17.05.2022,"28859,4351","1983,1843","0,5487","69,1497"
16.05.2022,"28616,9854","1938,3589","0,5333","64,4149"
15.05.2022,"30086,5641","2063,9155","0,5741","68,7408"
14.05.2022,"28909,538","1975,2744","0,5179","66,1916"
13.05.2022,"28103,2976","1931,2987","0,5056","65,2727"
12.05.2022,"28035,2402","1894,4506","0,4575","62,0991"
11.05.2022,"27488,6411","1972,5984","0,4875","63,2142"
10.05.2022,"29448,034","2223,2492","0,5958","76,1215"
09.05.2022,"28762,3775","2132,7884","0,5839","74,1313"
08.05.2022,"32266,4392","2385,4778","0,701","89,1397"
07.05.2022,"33695,388","2502,8911","0,7239","89,7164"
06.05.2022,"34180,0649","2557,0277","0,7433","91,7974"
05.05.2022,"34684,7818","2608,5776","0,7525","91,9534"
04.05.2022,"37368,8019","2768,5171","0,8431","100,023"
03.05.2022,"35866,6671","2643,914","0,7322","94,3786"
02.05.2022,"36663,4631","2718,8574","0,7434","95,7985"
01.05.2022,"36510,8394","2684,4287","0,7499","94,3761"
30.04.2022,"35771,9756","2593,9065","0,7192","91,3072"
29.04.2022,"36609,6978","2668,7159","0,7638","95,1917"
28.04.2022,"37852,0651","2793,7749","0,803","98,2982"
27.04.2022,"37172,5755","2735,498","0,7962","95,2235"
26.04.2022,"35765,9226","2633,3674","0,7755","92,3906"
25.04.2022,"37769,4432","2810,2971","0,839","97,7414"
24.04.2022,"36522,3964","2704,1716","0,8199","96,8112"
23.04.2022,"36616,7683","2724,9043","0,8257","97,8252"
22.04.2022,"36860,0315","2750,413","0,8415","97,9301"
21.04.2022,"37406,1924","2757,6234","0,8404","98,7485"
20.04.2022,"38146,0744","2838,9387","0,8646","103,2378"
19.04.2022,"38461,5583","2876,6546","0,8834","105,4842"
18.04.2022,"37886,2335","2837,7923","0,8692","103,1779"
17.04.2022,"36703,7775","2768,2138","0,8479","100,7023"
16.04.2022,"37381,1464","2832,4228","0,8812","105,8032"
15.04.2022,"37515,8233","2813,1638","0,8835","102,7917"
14.04.2022,"36897,9504","2790,6391","0,8608","99,2981"
13.04.2022,"37779,2584","2860,7093","0,8951","101,2919"
12.04.2022,"37103,7758","2801,2829","0,8835","96,9291"
11.04.2022,"36313,0274","2739,4161","0,8457","94,0302"
10.04.2022,"38764,2","2945,8937","0,9489","101,6302"
09.04.2022,"39353,19","2999,5183","0,9606","103,7058"
08.04.2022,"38842,63","2935,2096","0,9437","101,8697"
07.04.2022,"39987,26","2972,4419","1,0064","105,0393"
06.04.2022,"39608,64","2911,4496","0,9672","102,8414"
05.04.2022,"41722,35","3123,682","1,0721","112,6439"
04.04.2022,"42476,96","3207,9505","1,1042","113,6595"
03.04.2022,"42053,7","3189,7787","1,0736","116,7684"
02.04.2022,"41487,78","3118,4166","1,0478","113,026"
01.04.2022,"41897,18","3126,4885","1,054","112,9816"
31.03.2022,"41115,93","2965,5201","1,0323","111,7153"
30.03.2022,"42157,32","3031,212","1,0682","117,3868"
29.03.2022,"42811,66","3068,1374","1,0739","117,3132"
28.03.2022,"42868,06","3033,3081","1,0615","116,3144"
27.03.2022,"42653,13","2997,5433","1,077","117,8137"
26.03.2022,"40518,89","2860,8974","1,0495","113,5802"
25.03.2022,"40406,9","2830,4476","1,0019","113,011"
24.03.2022,"39973,71","2824,8993","1,0248","114,9467"
23.03.2022,"39040,56","2757,8476","1,0052","111,3679"
22.03.2022,"38378,24","2692,8106","0,8833","111,3925"
21.03.2022,"37269,85","2629,2502","0,8303","105,4608"
20.03.2022,"37321,69","2589,7404","0,7945","103,9114"
19.03.2022,"38156,41","2664,1076","0,814","105,7035"
18.03.2022,"37816,95","2663,1262","0,7713","101,4099"
17.03.2022,"36927,59","2538,7916","0,7539","99,421"
16.03.2022,"37331,29","2516,9087","0,761","100,962"
15.03.2022,"35887,59","2390,5599","0,7289","97,6351"
14.03.2022,"36302,01","2370,0854","0,7338","96,6492"
13.03.2022,"34617,73","2306,2384","0,7221","93,2186"
12.03.2022,"35634,05","2357,668","0,7248","96,8417"
11.03.2022,"35518,49","2343,7139","0,725","96,0234"
10.03.2022,"35898,16","2373,5756","0,7322","93,3342"
09.03.2022,"37942,68","2469,629","0,7666","96,5982"
08.03.2022,"35536,07","2363,2902","0,735","92,3663"
07.03.2022,"35057,61","2299,6048","0,7335","90,8819"
06.03.2022,"35161,7","2337,4937","0,7584","92,6612"
05.03.2022,"36049,4","2439,234","0,7927","96,0431"
04.03.2022,"35775,78","2393,2957","0,7713","92,4268"
03.03.2022,"38363,32","2562,0012","0,8161","100,5695"
02.03.2022,"39497,02","2652,1666","0,8446","99,1971"
01.03.2022,"39920,29","2674,131","0,8646","101,2242"
28.02.2022,"38474,62","2601,3414","0,8541","101,1089"
27.02.2022,"33812,14","2351,4501","0,7684","92,3623"
26.02.2022,"34714,85","2467,3684","0,7862","96,0334"
25.02.2022,"34787,81","2451,9963","0,796","96,814"
24.02.2022,"34253,71","2320,2695","0,7603","93,1231"
23.02.2022,"33005,26","2291,2109","0,7695","93,6514"
22.02.2022,"33809,72","2330,0478","0,7856","95,0137"
21.02.2022,"32746,88","2274,4575","0,7588","91,1142"
20.02.2022,"33943,14","2322,0247","0,8249","97,8169"
19.02.2022,"35449,71","2443,2995","0,8814","102,2083"
18.02.2022,"35349,14","2460,6405","0,8805","101,5951"
17.02.2022,"35644,86","2533,4399","0,8973","102,1945"
16.02.2022,"38643,23","2749,5564","0,9543","112,4717"
15.02.2022,"39270,03","2803,0681","0,9756","115,9317"
14.02.2022,"37659,49","2594,2806","0,9294","110,3414"
13.02.2022,"37217,83","2543,8971","0,9212","111,3038"
12.02.2022,"37213,69","2573,79","0,9307","111,6219"
11.02.2022,"37353,73","2579,4498","0,9521","110,9444"
10.02.2022,"38124,95","2693,2676","1,0095","118,3239"
09.02.2022,"38804,54","2836,4882","1,0475","122,7383"
08.02.2022,"38660,7","2735,1412","1,0319","117,2642"
07.02.2022,"38338,06","2747,4381","1,0483","119,9972"
06.02.2022,"37007,29","2668,8654","0,9998","111,3543"
05.02.2022,"36188,12","2633,7951","0,984","106,4522"
04.02.2022,"36333,39","2608,8106","0,9909","105,8519"
03.02.2022,"32409,54","2330,924","0,9204","96,3516"
02.02.2022,"32669,64","2373,0253","0,9097","95,8508"
01.02.2022,"34377,54","2478,5466","0,9676","102,266"
31.01.2022,"34287,69","2396,1141","0,9359","97,6016"
30.01.2022,"34025,93","2336,7399","0,9308","97,4908"
29.01.2022,"34224,96","2330,8803","0,9505","99,4425"
28.01.2022,"33900,45","2287,2598","0,9427","98,1775"
27.01.2022,"33355,79","2178,0527","0,9375","95,9764"
26.01.2022,"32787,46","2195,7028","0,9565","95,2508"
25.01.2022,"32685,46","2171,5409","0,9258","95,3489"
24.01.2022,"32382,27","2154,4174","0,9428","96,7261"
23.01.2022,"32004,09","2237,7584","0,9891","98,8738"
22.01.2022,"30896,89","2120,664","0,9402","95,4435"
21.01.2022,"32100,02","2250,9222","0,9891","100,5767"
20.01.2022,"35945,97","2647,8333","1,1155","114,5435"
19.01.2022,"36785,65","2728,0981","1,1804","120,4249"
18.01.2022,"37407,52","2791,5192","1,2959","124,9576"
17.01.2022,"37032,22","2815,6939","1,3923","132,8914"
16.01.2022,"37758,87","2935,744","1,2331","128,3088"
15.01.2022,"37804,19","2918,8448","1,1351","129,5759"
14.01.2022,"37742,52","2901,0054","1,1285","126,8169"
13.01.2022,"37133,58","2830,3817","1,0804","119,1326"
12.01.2022,"38401,99","2948,2329","1,1394","123,9724"
11.01.2022,"37566,08","2848,0887","1,0422","115,654"
10.01.2022,"36938,05","2723,8405","0,9959","111,79"
09.01.2022,"36863,12","2775,9341","1,0348","115,2942"
08.01.2022,"36737,85","2716,5329","1,0478","114,0818"
07.01.2022,"36568,78","2813,9509","1,0667","115,5508"
06.01.2022,"38176,59","3019,0045","1,1311","120,6107"
05.01.2022,"38488,82","3138,2904","1,0919","120,01"
04.01.2022,"40664,15","3360,2964","1,1636","129,8731"
03.01.2022,"41111,21","3331,5249","1,1699","131,3793"
02.01.2022,"41624,79","3369,4867","1,2115","132,9548"
01.01.2022,"41958,07","3314,1213","1,2049","132,5495"
31.12.2021,"40687,87","3235,5234","1,1534","128,7064"
30.12.2021,"41623,66","3276,396","1,2012","130,6941"
29.12.2021,"40950,87","3200,5945","1,1714","128,2115"
28.12.2021,"42111,72","3359,7378","1,2439","129,0895"
27.12.2021,"44778,11","3571,0924","1,3348","137,7502"
26.12.2021,"44882,85","3595,6968","1,2858","138,0208"
25.12.2021,"44709,35","3622,8164","1,2862","139,9045"
24.12.2021,"44844,75","3572,2262","1,232","142,2687"
23.12.2021,"44815,73","3626,0886","1,2948","144,2272"
22.12.2021,"42957,2","3518,0206","1,1754","137,2251"
21.12.2021,"43420,8","3565,6528","1,1337","137,2922"
20.12.2021,"41649,05","3492,1945","1,0967","135,369"
19.12.2021,"41588,56","3488,0804","1,108","136,2029"
18.12.2021,"41707,01","3522,373","1,1075","132,3337"
17.12.2021,"41237,42","3461,1414","1,0881","128,6413"
16.12.2021,"42068,73","3496,5196","1,1","131,4099"
15.12.2021,"43280,47","3559,3742","1,1592","135,7994"
14.12.2021,"42995,2","3428,0384","1,1263","133,6982"
13.12.2021,"41436,33","3356,2869","1,0852","128,2129"
12.12.2021,"44272,29","3652,7374","1,1936","140,5966"
11.12.2021,"43643,42","3611,6294","1,1954","139,6204"
10.12.2021,"41755,52","3452,597","1,076","131,3802"
09.12.2021,"42328,18","3657,3929","1,1504","134,9023"
08.12.2021,"44534,88","3914,021","1,2321","145,7919"
07.12.2021,"44965,92","3827,9286","1,2249","143,9967"
06.12.2021,"44793,73","3859,9847","1,2593","143,6095"
05.12.2021,"43665,42","3711,3264","1,2141","138,4844"
04.12.2021,"43551,09","3644,5728","1,2484","144,4206"
03.12.2021,"47326,88","3731,1515","1,3856","166,1627"
02.12.2021,"49972,36","3993,0664","1,5195","180,066"
01.12.2021,"50518,31","4045,0046","1,3662","184,2876"
30.11.2021,"50319,2","4091,9224","1,3747","183,6025"
29.11.2021,"51243,59","3937,7302","1,4211","182,5722"
28.11.2021,"50628,89","3799,4969","1,4123","176,3463"
27.11.2021,"48271,37","3602,9925","1,3602","171,5591"
26.11.2021,"47416,76","3569,1355","1,3544","172,5429"
25.11.2021,"52602,56","4032,3185","1,4941","199,0779"
24.11.2021,"51063,9","3813,4824","1,4862","189,5157"
23.11.2021,"51236,46","3860,9471","1,558","192,5433"
22.11.2021,"50191,27","3647,3565","1,5843","186,7643"
21.11.2021,"52094,03","3775,6934","1,6313","196,2988"
20.11.2021,"52964,83","3911,7055","1,7061","200,957"
19.11.2021,"51526,82","3807,0177","1,6513","193,4128"
18.11.2021,"50035,78","3510,0418","1,5656","179,1824"
17.11.2021,"53334,99","3784,2851","1,6552","202,6263"
16.11.2021,"53201,33","3729,2515","1,6624","204,0816"
15.11.2021,"56073,86","4020,0746","1,7771","231,979"
14.11.2021,"57221,73","4048,4756","1,7837","242,5775"
13.11.2021,"56345,85","4064,4567","1,7945","225,4794"
12.11.2021,"56210,08","4087,1972","1,7915","220,782"
11.11.2021,"56668,09","4127,9026","1,8202","229,6291"
10.11.2021,"56544,68","4037,2034","1,8219","227,1881"
09.11.2021,"57802,18","4084,5488","1,9585","227,1878"
08.11.2021,"58261,45","4159,0715","1,8337","197,1849"
07.11.2021,"54663,11","3989,1418","1,7485","174,453"
06.11.2021,"53257,57","3911,8708","1,7358","171,1012"
05.11.2021,"52859,85","3881,1791","1,7161","172,7275"
04.11.2021,"53180,72","3927,2232","1,7162","175,5726"
03.11.2021,"54222,19","3967,0956","1,7768","178,2942"
02.11.2021,"54562,49","3963,1211","1,7018","173,3975"
01.11.2021,"52648,5","3731,7864","1,6826","170,4522"
31.10.2021,"53094,14","3713,2357","1,6991","166,0775"
30.10.2021,"53410,18","3737,4123","1,6857","164,4976"
29.10.2021,"53840,64","3817,8924","1,7404","169,9153"
28.10.2021,"51827,96","3666,2035","1,6991","162,489"
27.10.2021,"50502,13","3395,8856","1,6618","154,9093"
26.10.2021,"52088,5","3566,8483","1,8459","170,5212"
25.10.2021,"54259,2","3631,1666","1,8484","168,2549"
24.10.2021,"52305,2","3507,4575","1,8214","163,6531"
23.10.2021,"52644,09","3578,8474","1,8595","168,5192"
22.10.2021,"52143,91","3410,7269","1,8526","163,9426"
21.10.2021,"53552,33","3494,5349","1,8412","169,6302"
20.10.2021,"56633,33","3563,2545","1,8773","177,4664"
19.10.2021,"55197,29","3331,4176","1,8159","162,1441"
18.10.2021,"53467,9018","3228,7937","1,8344","159,949"
17.10.2021,"52974,0233","3310,9378","1,8563","158,1183"
16.10.2021,"52305,6519","3289,4533","1,8704","159,8862"
15.10.2021,"53050,7158","3325,8477","1,907","162,5722"
14.10.2021,"49427,3399","3264,7667","1,8722","155,2956"
13.10.2021,"49480,29","3105,8779","1,885","153,1007"
12.10.2021,"48623,01","3025,3024","1,8316","149,3376"
11.10.2021,"49672,52","3061,939","1,8816","155,0385"
10.10.2021,"47283,25","2957,9427","1,8988","151,3249"
09.10.2021,"47533,02","3090,4665","1,9591","155,2278"
08.10.2021,"46629,96","3078,6275","1,928","151,8193"
07.10.2021,"46538,85","3101,8939","1,9715","154,6793"
06.10.2021,"47942,72","3102,0618","1,9166","154,8547"
05.10.2021,"44425,6","3032,1053","1,9264","149,5431"
04.10.2021,"42258,38","2908,7113","1,8893","144,1083"
03.10.2021,"41538,57","2944,0885","1,943","146,9533"
02.10.2021,"41160,76","2925,9012","1,9457","145,9439"
01.10.2021,"41485,86","2851,6168","1,9434","143,2165"
30.09.2021,"37770,5","2590,8055","1,8257","132,087"
29.09.2021,"35804,39","2455,2138","1,7783","124,7129"
28.09.2021,"35138,15","2399,9615","1,745","120,4171"
27.09.2021,"36162,64","2508,8395","1,8336","124,2351"
26.09.2021,"36878,67","2613,3107","1,8859","128,3518"
25.09.2021,"36484,47","2501,6182","1,9703","129,135"
24.09.2021,"36520,1","2498,0069","1,9407","129,713"
23.09.2021,"38233,88","2685,9237","1,9775","139,4007"
22.09.2021,"37285,96","2628,3949","1,9255","137,8483"
21.09.2021,"34628,69","2350,0556","1,6913","126,2776"
20.09.2021,"36603,26","2530,6556","1,7769","133,8601"
19.09.2021,"40295,69","2837,8207","1,9485","149,6851"
18.09.2021,"41159,07","2925,5641","2,0203","154,526"
17.09.2021,"40295,62","2896,5068","2,0003","153,0938"
16.09.2021,"40621,67","3033,9446","2,0611","157,7339"
15.09.2021,"40733,51","3042,4092","2,1059","159,8754"
14.09.2021,"39838,94","2894,9361","2,0305","154,9766"
13.09.2021,"38105,75","2786,059","2,0443","152,1029"
12.09.2021,"39038,76","2887,8454","2,1883","155,1607"
11.09.2021,"38212,37","2761,5634","2,2205","150,7752"
10.09.2021,"37996,42","2717,6175","2,0227","147,3594"
09.09.2021,"39243,54","2898,1069","2,1212","152,4082"
08.09.2021,"38978,42","2954,3673","2,0837","151,9142"
07.09.2021,"39513,12","2894,6839","2,1164","149,8612"
06.09.2021,"44380,77","3311,7404","2,3868","185,0654"
05.09.2021,"43561,88","3327,0678","2,4508","194,8299"
04.09.2021,"42030,77","3269,516","2,3852","178,87"
03.09.2021,"42120,96","3312,9728","2,4985","178,8775"
02.09.2021,"41561,01","3192,9484","2,5011","154,7832"
01.09.2021,"41220,46","3231,5041","2,4182","152,8524"
31.08.2021,"39978,33","2912,5394","2,3561","145,5354"
30.08.2021,"39819,93","2733,3374","2,3251","141,5968"
29.08.2021,"41415,14","2735,8107","2,4288","148,0755"
28.08.2021,"41452,6","2749,2342","2,4189","148,7279"
27.08.2021,"41572,16","2770,1884","2,4903","148,9921"
26.08.2021,"39973,51","2641,7438","2,1671","143,171"
25.08.2021,"41597,85","2739,48","2,3229","150,885"
24.08.2021,"40661,01","2700,2766","2,3104","147,7218"
23.08.2021,"42176,96","2824,4881","2,4849","159,1455"
22.08.2021,"42187,23","2773,4593","2,3144","159,2786"
21.08.2021,"41864,76","2758,1614","2,0879","153,8293"
20.08.2021,"42121,61","2805,6278","2,1005","156,7699"
19.08.2021,"39955,27","2721,4685","2,0712","149,9226"
18.08.2021,"38330,64","2590,5021","1,8069","143,4298"
17.08.2021,"38138,26","2569,9538","1,6359","144,0166"
16.08.2021,"39043,94","2680,3425","1,7611","151,5925"
15.08.2021,"39926,78","2805,0358","1,8363","156,7346"
14.08.2021,"39924,64","2767,5745","1,8597","154,7285"
13.08.2021,"40499,62","2816,2838","1,8186","155,5453"
12.08.2021,"37881,86","2596,2051","1,5509","140,829"
11.08.2021,"38920,26","2695,5325","1,5365","145,9569"
10.08.2021,"38903,02","2682,2048","1,4268","141,3078"
09.08.2021,"39432,46","2694,6643","1,2576","141,7748"
08.08.2021,"37267,1","2563,6497","1,2125","127,5195"
07.08.2021,"37931,09","2689,3116","1,2556","132,7675"
06.08.2021,"36407,74","2458,334","1,1915","125,606"
05.08.2021,"34542,47","2388,5767","1,1718","121,1611"
04.08.2021,"33608,7","2301,7237","1,1666","120,4982"
03.08.2021,"32144,03","2105,3149","1,1521","116,3362"
02.08.2021,"33035,68","2200,5861","1,104","119,2833"
01.08.2021,"33784,86","2164,2713","1,1142","118,8983"
31.07.2021,"35171,83","2138,5399","1,1166","122,2437"
30.07.2021,"35447,92","2075,683","1,0981","122,5787"
29.07.2021,"33678,22","2003,0866","1,0802","118,8526"
28.07.2021,"33783,7","1940,8219","1,0843","118,1263"
27.07.2021,"33268,98","1940,5221","1,0803","113,5553"
26.07.2021,"31684,31","1897,1784","1,0675","111,3825"
25.07.2021,"29979,65","1864,3429","1,0416","108,327"
24.07.2021,"29109,47","1857,4518","1,0469","107,0915"
23.07.2021,"28497,68","1805,7523","1,0239","105,5217"
22.07.2021,"27445,22","1717,7111","1,0073","102,4572"
21.07.2021,"27231,63","1687,1656","0,9916","99,4657"
20.07.2021,"25288,74","1518,0964","0,8961","91,0955"
19.07.2021,"26165,58","1543,044","0,9529","96,1599"
18.07.2021,"26932,11","1605,0412","1,0034","101,1236"
17.07.2021,26753,"1609,3804","0,9949","101,7114"
16.07.2021,"26651,05","1593,2076","0,9945","102,453"
15.07.2021,"26813,88","1613,6816","1,0323","105,8629"
14.07.2021,"27726,88","1684,222","1,0653","110,6438"
13.07.2021,"27754,75","1648,5007","1,0719","111,3742"
12.07.2021,27948,"1717,9085","1,1105","112,5024"
11.07.2021,"28829,48","1801,9208","1,1365","112,8741"
10.07.2021,"28241,14","1777,8464","1,1238","112,7195"
09.07.2021,"28534,7","1810,782","1,1385","113,5268"
08.07.2021,27735,"1789,6208","1,1239","111,5772"
07.07.2021,"28692,74","1958,2595","1,19","116,2505"
06.07.2021,"28907,92","1965,7385","1,197","117,3421"
05.07.2021,"28505,85","1856,4091","1,1879","116,4952"
04.07.2021,"29774,51","1958,5752","1,2293","122,4362"
03.07.2021,"29215,45","1876,9544","1,1845","118,0783"
02.07.2021,"28557,72","1816,0548","1,17","115,3319"
01.07.2021,"28318,51","1784,0469","1,1272","116,0783"
30.06.2021,"29533,88","1914,8299","1,1643","121,4391"
29.06.2021,"30156,32","1817,2947","1,1496","120,7909"
28.06.2021,"28860,91","1743,8522","1,1109","115,1309"
27.06.2021,"28973,91","1654,9963","1,1265","110,5372"
26.06.2021,"26771,23","1519,4845","1,0406","105,0768"
25.06.2021,"26564,44","1520,8448","1,0592","105,5305"
24.06.2021,"29014,67","1664,4444","1,1335","112,4397"
23.06.2021,"28186,75","1649,233","1,0483","107,9046"
22.06.2021,"27182,44","1568,618","0,9593","99,7685"
21.06.2021,"26530,36","1584,0175","0,9873","104,6797"
20.06.2021,"30044,23","1889,2472","1,2025","130,379"
19.06.2021,"29961,8","1831,1984","1,1747","128,9952"
18.06.2021,"30057,35","1874,6204","1,1914","131,3892"
17.06.2021,"31965,23","1992,6331","1,2453","140,0763"
16.06.2021,"31954,88","1969,34","1,2355","138,496"
15.06.2021,"33179,4","2104,5103","1,2852","144,5136"
14.06.2021,"33380,23","2126,3536","1,2977","148,3363"
13.06.2021,"32283,11","2074,9587","1,2876","141,1346"
12.06.2021,"29349,6","1961,404","1,2214","133,7287"
11.06.2021,"30763,33","1938,1626","1,1826","134,1011"
10.06.2021,"30165,92","2028,2345","1,2633","138,0703"
09.06.2021,"30617,51","2140,2299","1,3328","140,8887"
08.06.2021,"27466,41","2067,4108","1,2988","132,1009"
07.06.2021,"27497,42","2123,4125","1,2777","131,9924"
06.06.2021,"29437,63","2224,4707","1,3781","144,7307"
05.06.2021,"29229,66","2160,1486","1,3646","142,2004"
04.06.2021,"30361,01","2210,8819","1,4092","147,2525"
03.06.2021,"32261,22","2349,98","1,5159","159,1456"
02.06.2021,"30790,16","2219,6951","1,4408","153,6238"
01.06.2021,"29988,25","2151,7332","1,4195","149,6482"
31.05.2021,"30504,06","2208,3362","1,4241","153,4216"
30.05.2021,"29245,65","1958,3746","1,2901","139,9817"
29.05.2021,"28358,94","1866,9772","1,1547","133,9258"
28.05.2021,"29256,21","1984,4606","1,242","145,1045"
27.05.2021,"31540,83","2246,9269","1,3561","158,5158"
26.05.2021,"32194,17","2358,1087","1,4541","163,0651"
25.05.2021,"31231,82","2201,3347","1,2598","148,9955"
24.05.2021,"31636,43","2154,9477","1,2641","149,951"
23.05.2021,"28634,61","1736,2462","1,0926","118,263"
22.05.2021,"30827,71","1886,1784","1,2093","139,3286"
21.05.2021,"30542,94","1987,5435","1,2641","147,4349"
20.05.2021,"33266,36","2275,6551","1,4646","172,9203"
19.05.2021,"30661,88","2050,0545","1,2192","156,846"
18.05.2021,"35177,02","2770,6643","1,6436","241,0681"
17.05.2021,"35779,35","2693,7875","1,6665","231,6143"
16.05.2021,"38258,52","2949,6054","1,8815","244,3859"
15.05.2021,"38562,71","3012,5892","1,7902","246,9539"
14.05.2021,"41115,62","3360,188","1,655","268,6908"
13.05.2021,"41172,86","3089,3602","1,6031","261,9818"
12.05.2021,"41767,99","3223,4344","1,3101","255,8303"
11.05.2021,"46720,37","3435,8195","1,453","311,33"
10.05.2021,"45998,98","3250,7064","1,3496","296,0638"
09.05.2021,"47864,25","3228,0438","1,4567","317,0438"
08.05.2021,"48321,26","3212,8588","1,3304","284,436"
07.05.2021,"47170,94","2867,8399","1,3559","285,0066"
06.05.2021,"46750,54","2893,4963","1,3752","293,2044"
05.05.2021,"47739,19","2931,5101","1,2322","296,4351"
04.05.2021,"44339,12","2694,233","1,059","254,3908"
03.05.2021,"47441,52","2843,2799","1,1282","244,6656"
02.05.2021,"47068,35","2455,1585","1,1029","223,7438"
01.05.2021,"48079,07","2450,899","1,1267","230,1016"
30.04.2021,"48082,14","2306,6501","1,126","225,5898"
29.04.2021,"44187,96","2274,6086","1,0796","210,8283"
28.04.2021,"45163,59","2264,3813","1,1001","212,8901"
27.04.2021,"45498,63","2196,1272","1,0839","214,9979"
26.04.2021,"44731,78","2097,3104","1,0213","204,6613"
25.04.2021,"40586,88","1914,6266","0,8988","185,0438"
24.04.2021,"41426,71","1832,0988","0,9108","185,888"
23.04.2021,"42238,28","1957,3771","0,9553","199,0621"
22.04.2021,"43125,48","2007,4872","0,9573","210,7642"
21.04.2021,"44755,96","1964,2404","1,0021","214,4095"
20.04.2021,"46928,18","1936,0346","1,0478","217,8042"
19.04.2021,"46279,61","1798,2336","0,9926","216,8483"
18.04.2021,"47039,58","1869,4281","1,0612","228,6709"
17.04.2021,"50305,41","1945,7104","1,1569","251,7775"
16.04.2021,"51398,39","2029,5708","1,1857","259,8963"
15.04.2021,"52847,88","2102,5773","1,2364","239,206"
14.04.2021,"52438,51","2025,4351","1,2113","232,7431"
13.04.2021,"53217,37","1927,7342","1,186","223,5923"
12.04.2021,"50245,12","1796,2246","1,1085","205,0445"
11.04.2021,"50434,06","1806,661","1,0638","211,9924"
10.04.2021,"50184,66","1793,0549","1,024","213,1727"
09.04.2021,"48859,37","1739,2679","1,0132","185,8108"
08.04.2021,"48680,83","1744,3568","1,0248","189,6388"
07.04.2021,"47325,99","1664,3583","0,992","185,3573"
06.04.2021,"48935,28","1780,5845","1,0613","200,0725"
05.04.2021,"49787,03","1778,0757","1,027","186,085"
04.04.2021,"49516,82","1765,7268","1,0128","172,127"
03.04.2021,"48606,04","1712,2058","0,9991","166,1833"
02.04.2021,"50169,17","1812,9435","1,0173","180,3854"
01.04.2021,"49884,2","1671,2109","1,01","171,9295"
31.03.2021,"50051,06","1630,569","1,0184","167,6416"
30.03.2021,"50100,31","1570,2593","1,0355","167,105"
29.03.2021,"48979,37","1543,9138","1,0219","164,7502"
28.03.2021,"47301,43","1429,3839","1,0113","156,2457"
27.03.2021,"47327,93","1452,6242","0,9989","156,07"
26.03.2021,"46600,11","1439,4748","1,0287","155,6393"
25.03.2021,"43752,57","1350,0055","0,9367","146,2641"
24.03.2021,"44411,78","1341,569","0,9103","149,436"
23.03.2021,"46047,87","1411,7896","0,9538","157,5075"
22.03.2021,"45499,25","1411,8115","0,9324","155,9204"
21.03.2021,"48366,99","1503,4383","1,0002","164,8711"
20.03.2021,"48657,2","1511,2464","1,0114","167,333"
19.03.2021,"48669,52","1514,8458","1,0902","167,5468"
18.03.2021,"48421,17","1491,7475","1,0398","167,7369"
17.03.2021,"49065,6","1518,7815","1,1522","171,9103"
16.03.2021,"47676,84","1517,1617","1,0394","168,7896"
15.03.2021,"46821,9","1501,8073","0,8659","168,7568"
14.03.2021,"49652,34","1553,1596","0,8906","180,0587"
13.03.2021,"51245,14","1607,9883","0,9246","189,5309"
12.03.2021,"47938,48","1481,0589","0,8674","184,5949"
11.03.2021,"48230,67","1523,4015","0,9397","167,7557"
10.03.2021,"46967,06","1508,1817","0,9531","168,201"
09.03.2021,"46060,65","1569,1602","1,0027","171,066"
08.03.2021,"44106,61","1550,3289","0,944","162,0679"
07.03.2021,"42995,74","1445,5938","0,9509","160,19"
06.03.2021,"41044,85","1390,208","0,9504","153,4986"
05.03.2021,"41071,23","1286,8555","0,9807","151,8856"
04.03.2021,"40545,05","1286,3466","0,9311","151,1616"
03.03.2021,"41905,83","1306,8485","1,0123","156,2558"
02.03.2021,"40012,41","1234,3309","1,0131","147,0632"
01.03.2021,"41204,88","1302,3212","1,0758","145,93"
28.02.2021,"37324,72","1171,893","1,079","136,5806"
27.02.2021,"38239,03","1208,513","1,1056","142,4515"
26.02.2021,"38414,73","1197,8528","1,0236","141,2708"
25.02.2021,"38750,61","1214,1125","0,893","147,2798"
24.02.2021,"40809,74","1334,4026","0,864","148,823"
23.02.2021,"40182,86","1291,262","0,7797","145,443"
22.02.2021,"44579,05","1466,081","0,9039","171,1243"
21.02.2021,"47405,36","1595,2894","0,9078","187,5227"
20.02.2021,"46264,62","1582,5994","0,9295","188,046"
19.02.2021,"46139,13","1617,0747","0,7665","195,5203"
18.02.2021,"42765,79","1603,5396","0,7553","187,8883"
17.02.2021,"43317,39","1535,3165","0,7381","197,0485"
16.02.2021,40675,"1473,0769","0,7218","173,9589"
15.02.2021,"39519,67","1467,0245","0,7067","170,8582"
14.02.2021,"40234,79","1490,5943","0,7","176,992"
13.02.2021,"38914,66","1498,866","0,7456","186,7196"
12.02.2021,"39262,07","1523,1339","0,7635","162,9135"
11.02.2021,"39469,34","1471,2662","0,7615","151,8105"
10.02.2021,"37095,52","1440,8527","0,7607","150,3112"
09.02.2021,"38447,97","1462,0355","0,5797","150,3887"
08.02.2021,"38459,91","1452,2013","0,5664","138,8678"
07.02.2021,"32332,33","1342,5942","0,5465","125,4548"
06.02.2021,"32650,26","1394,9986","0,5173","129,2423"
05.02.2021,"31708,32","1429,9214","0,4456","128,6317"
04.02.2021,"30884,78","1333,9916","0,3692","121,3396"
03.02.2021,"31207,75","1384,8242","0,3662","129,4228"
02.02.2021,"29525,23","1260,4085","0,3534","118,2801"
01.02.2021,"27807,12","1136,9339","0,3335","109,3115"
31.01.2021,"27344,17","1085,2892","0,285","106,9776"
30.01.2021,"28277,58","1135,6793","0,2992","110,0182"
29.01.2021,"28297,6","1141,2813","0,287","111,1483"
28.01.2021,"27468,98","1100,1516","0,2852","110,0274"
27.01.2021,"25114,92","1034,1649","0,2578","101,2352"
26.01.2021,"26779,94","1112,89","0,283","110,683"
25.01.2021,"26658,99","1090,3637","0,283","113,0864"
24.01.2021,"26522,24","1145,6722","0,2911","116,1391"
23.01.2021,"26335,87","1010,5086","0,2836","112,95"
22.01.2021,"27082,8","1014,4407","0,2883","112,7603"
21.01.2021,"25312,28","921,103","0,2554","106,9125"
20.01.2021,"29370,22","1143,4211","0,3105","123,8045"
19.01.2021,"29719,49","1136,0373","0,3061","126,4069"
18.01.2021,"30332,75","1041,5413","0,3074","125,9902"
17.01.2021,"29587,57","1017,0411","0,3151","117,9152"
16.01.2021,"29950,95","1021,778","0,2926","119,2954"
15.01.2021,"30483,32","970,1813","0,2498","119,4399"
14.01.2021,"32265,5","1002,8732","0,2558","125,1234"
13.01.2021,"30692,2","929,5191","0,2574","121,1811"
12.01.2021,"27667,66","851,2301","0,2355","108,5707"
11.01.2021,"29226,93","893,3441","0,2275","114,8011"
10.01.2021,"31343,33","1031,1549","0,2502","139,9056"
09.01.2021,"32838,32","1045,8551","0,2728","144,9243"
08.01.2021,"33330,81","999,3916","0,2495","141,5163"
07.01.2021,"32104,44","997,0254","0,2435","138,3537"
06.01.2021,"29901,41","982,0934","0,2662","136,9581"
05.01.2021,"27624,05","894,7991","0,2113","129,0177"
04.01.2021,"26102,99","847,6528","0,1819","126,2675"
03.01.2021,"26847,03","791,2367","0,1679","130,239"
02.01.2021,"26418,74","636,7785","0,1462","112,5515"
01.01.2021,"24111,78","599,298","0,144","103,5476"
31.12.2020,"23747,71","604,1282","0,1481","101,9649"
30.12.2020,"23426,89","611,2357","0,1499","105,0378"
29.12.2020,"22332,55","598,0448","0,1565","105,4209"
28.12.2020,"22179,25","598,6261","0,1459","106,4944"
27.12.2020,"21513,27","559,3016","0,1269","104,4413"
26.12.2020,"21691,57","521,6282","0,1297","106,1774"
25.12.2020,"20236,3","514,0876","0,1292","104,2603"
24.12.2020,"19472,55","501,806","0,1254","91,4958"
23.12.2020,"19056,27","478,3498","0,1128","83,3209"
22.12.2020,"19536,24","521,7094","0,1284","93,446"
21.12.2020,"18651,11","498,5272","0,1251","85,8329"
20.12.2020,"19196,02","521,822","0,1329","93,7928"
19.12.2020,"19471,76","537,8865","0,1343","98,2897"
18.12.2020,"18887,43","534,4247","0,1346","89,1807"
17.12.2020,"18602,84","524,3826","0,1334","82,4319"
16.12.2020,"17485,09","522,3981","0,1374","76,2208"
15.12.2020,"16003,33","484,9519","0,127","66,9473"
14.12.2020,"15872,24","482,6304","0,13","67,8567"
13.12.2020,"15785,15","486,3632","0,127","67,5833"
12.12.2020,"15542,88","469,5355","0,1192","63,2601"
11.12.2020,"14909,56","449,8973","0,1154","59,4667"
10.12.2020,"15045,92","460,9498","0,1174","61,6436"
09.12.2020,"15368,58","474,7574","0,1228","64,0936"
08.12.2020,"15137,3","457,8414","0,1163","63,312"
07.12.2020,"15850,25","488,7216","0,1273","69,0655"
06.12.2020,"15951,59","496,0338","0,1311","68,7967"
05.12.2020,"15805,13","492,3644","0,1317","68,558"
04.12.2020,"15427,17","469,7921","0,1226","65,929"
03.12.2020,"16019,14","508,052","0,1352","73,3378"
02.12.2020,"15868,53","493,8531","0,1308","73,3769"
01.12.2020,"15590,01","486,8859","0,1294","70,8655"
30.11.2020,"16474,47","514,5226","0,1433","73,4469"
29.11.2020,"15197,75","481,0383","0,139","66,218"
28.11.2020,"14820,49","449,9286","0,1377","60,6707"
27.11.2020,"14315,03","432,5841","0,1173","57,7585"
26.11.2020,"14385,25","434,8898","0,1155","59,3664"
25.11.2020,"15728,36","478,807","0,1307","68,6548"
24.11.2020,"16099,01","507,6714","0,1399","74,972"
23.11.2020,"15540,01","514,6537","0,1287","75,2504"
22.11.2020,"15513,46","470,4491","0,1221","69,6248"
21.11.2020,"15755,09","464,1357","0,1127","72,911"
20.11.2020,"15726,08","429,7796","0,0995","69,6648"
19.11.2020,"15022,34","397,2911","0,0892","68,8112"
18.11.2020,"15030,06","404,8232","0,0899","62,2895"
17.11.2020,"14897,74","406,512","0,0924","64,3266"
16.11.2020,"14111,14","389,1723","0,0876","62,3253"
15.11.2020,"13498,49","378,9827","0,0849","52,683"
14.11.2020,"13603,9","390,467","0,0881","53,9896"
13.11.2020,"13800,94","403,0112","0,0898","55,501"
12.11.2020,"13796,47","392,0038","0,0886","51,1333"
11.11.2020,"13338,22","394,0843","0,0899","50,3544"
10.11.2020,"12945,88","381,2182","0,0895","49,0264"
09.11.2020,"12977,09","376,316","0,0891","50,1564"
08.11.2020,"13025,31","382,4641","0,0896","51,3037"
07.11.2020,"12475,24","366,5289","0,0854","49,6092"
06.11.2020,"13120,08","384,0834","0,0917","53,2092"
05.11.2020,"13180,92","352,1079","0,0822","49,8317"
04.11.2020,"12074,62","342,9798","0,0813","46,6396"
03.11.2020,"11937,86","330,5907","0,0796","45,9278"
02.11.2020,"11663,72","329,5402","0,0793","46,2729"
01.11.2020,"11820,49","340,1806","0,0842","47,7428"
31.10.2020,"11824,24","331,1502","0,0797","47,788"
30.10.2020,"11624,53","327,7576","0,08","46,2576"
29.10.2020,"11524,03","331,2606","0,0818","47,0083"
28.10.2020,"11306,99","330,8085","0,0843","47,5671"
27.10.2020,"11606,42","342,99","0,0873","49,2236"
26.10.2020,"11078,76","333,488","0,0873","48,1792"
25.10.2020,"11007,26","342,9135","0,0897","49,6357"
24.10.2020,"11059,44","347,531","0,091","49,9003"
23.10.2020,"10906,94","345,1573","0,0911","46,725"
22.10.2020,"10988,35","350,4647","0,0936","46,0103"
21.10.2020,"10812,87","330,2069","0,0896","44,7112"
20.10.2020,"10080,41","311,5206","0,0866","39,637"
19.10.2020,"9985,93","322,3484","0,0924","40,7912"
18.10.2020,"9827,83","322,7738","0,0917","40,586"
17.10.2020,"9707,67","314,6782","0,0906","40,0776"
16.10.2020,"9667,58","312,0051","0,0888","40,6377"
15.10.2020,"9820,65","322,3294","0,0911","42,2597"
14.10.2020,"9739,93","323,1874","0,0914","42,4532"
13.10.2020,"9732,49","324,2131","0,0929","42,4741"
12.10.2020,"9767,94","327,3956","0,0932","42,8816"
11.10.2020,"9628,69","316,9191","0,0902","42,8427"
10.10.2020,"9544,71","313,0321","0,0888","41,2431"
09.10.2020,"9361,08","309,0837","0,0862","40,4094"
08.10.2020,"9279,84","298,341","0,0817","40,1465"
07.10.2020,"9074,3","290,5958","0,0797","39,5656"
06.10.2020,"9041,2","290,2827","0,0791","39,1794"
05.10.2020,"9155,61","299,73","0,0827","39,2995"
04.10.2020,"9112,93","300,79","0,0823","39,8438"
03.10.2020,"9018,02","295,4406","0,0797","38,8513"
02.10.2020,"9025,38","295,0524","0,0793","38,3593"
01.10.2020,"9045,95","300,5839","0,0833","39,3767"
30.09.2020,"9189,77","306,332","0,0863","39,3783"
29.09.2020,"9235,8","306,0889","0,0862","38,9067"
28.09.2020,"9174,25","303,6946","0,0863","38,7881"
27.09.2020,"9265,82","307,214","0,087","39,5667"
26.09.2020,"9233,38","304,4811","0,0822","39,5498"
25.09.2020,"9193,43","302,3079","0,0831","39,5204"
24.09.2020,"9199,04","299,117","0,0711","38,4889"
23.09.2020,"8783,43","274,7528","0,066","36,8546"
22.09.2020,"9002,79","293,8935","0,0698","38,0058"
21.09.2020,"8878,8","290,3903","0,0686","36,7599"
20.09.2020,"9227,33","313,3094","0,0756","39,7408"
19.09.2020,"9366,43","325,76","0,0774","40,9972"
18.09.2020,"9236,43","323,7637","0,0766","40,7615"
17.09.2020,"9237,25","328,2953","0,0794","41,2177"
16.09.2020,"9284,2","308,8597","0,0776","40,418"
15.09.2020,"9110,84","307,3723","0,0789","40,7698"
14.09.2020,"9002,08","317,5643","0,0816","41,3146"
13.09.2020,"8726,03","308,8679","0,0802","40,6061"
12.09.2020,"8825,25","327,4923","0,0823","42,9392"
11.09.2020,"8784,82","315,755","0,0818","41,4217"
10.09.2020,"8763,7","311,1938","0,0822","41,1492"
09.09.2020,"8707,78","299,1965","0,0791","40,729"
08.09.2020,"8609,94","286,6874","0,0774","40,2441"
07.09.2020,"8780,55","298,0173","0,0788","41,2391"
06.09.2020,"8678,74","298,1392","0,0787","40,4965"
05.09.2020,"8585,88","282,2727","0,076","40,2419"
04.09.2020,"8864,63","327,2056","0,0867","42,7264"
03.09.2020,"8630,38","323,5405","0,0812","40,2307"
02.09.2020,"9624,85","370,4944","0,0975","49,0313"
01.09.2020,"10001,44","399,0722","0,1054","52,6003"
31.08.2020,"9776,81","364,3755","0,1028","51,1503"
30.08.2020,"9836,62","359,8958","0,0986","52,7194"
29.08.2020,"9665,41","335,536","0,0981","47,9664"
28.08.2020,"9693,88","331,9473","0,0919","48,1181"
27.08.2020,"9570,9","323,1872","0,0904","47,4084"
26.08.2020,"9698,92","326,1938","0,0974","49,2244"
25.08.2020,"9602,85","324,5273","0,0958","49,5417"
24.08.2020,"9984,88","346,4334","0,1057","52,7074"
23.08.2020,"9886,16","331,1087","0,1031","51,2948"
22.08.2020,"9914,45","335,8772","0,1062","51,1491"
21.08.2020,"9771,36","327,9385","0,1049","50,0667"
20.08.2020,"10012,35","351,1311","0,1125","53,0768"
19.08.2020,"9921,03","343,1192","0,1092","52,3076"
18.08.2020,"10025,08","353,8592","0,1152","54,7708"
17.08.2020,"10350,84","362,6562","0,1186","56,6595"
16.08.2020,"10060,62","366,5077","0,1169","54,0207"
15.08.2020,"10030,58","365,8325","0,1166","50,6979"
14.08.2020,"9940,18","369,3022","0,1169","47,8693"
13.08.2020,"9974,35","359,9057","0,1196","48,3173"
12.08.2020,"9823,65","328,9069","0,1165","46,2405"
11.08.2020,"9704,17","322,5596","0,1171","46,129"
10.08.2020,"10120,7","336,7951","0,1222","49,6389"
09.08.2020,"9922,13","330,9632","0,123","48,3641"
08.08.2020,"9973,33","335,2048","0,1238","49,3885"
07.08.2020,"9844,2","322,0553","0,1182","48,5221"
06.08.2020,"9913,43","332,1124","0,1211","49,7581"
05.08.2020,"9891,25","337,5535","0,1202","49,5912"
04.08.2020,"9490,61","330,1735","0,121","48,8103"
03.08.2020,"9563,55","328,7546","0,1166","49,7957"
02.08.2020,"9391,5","314,7947","0,1134","48,1532"
01.08.2020,"10037,71","329,6666","0,1223","52,4683"
31.07.2020,"9628,76","293,9449","0,118","49,3807"
30.07.2020,"9383,9","282,5799","0,1186","47,8672"
29.07.2020,"9415,76","269,7211","0,1186","46,86"
28.07.2020,"9325,14","270,3929","0,1269","47,653"
27.07.2020,"9346,24","273,3035","0,118","45,1247"
26.07.2020,"8528,3","266,6424","0,1274","41,2763"
25.07.2020,"8330,33","261,7949","0,1232","42,0482"
24.07.2020,"8200,3","240,0452","0,1045","37,8999"
23.07.2020,"8285,68","237,3492","0,1067","38,7522"
22.07.2020,"8242,45","228,3533","0,1072","38,8981"
21.07.2020,"8150,05","213,0881","0,1066","37,9568"
20.07.2020,"8013,29","206,4116","0,1028","36,6873"
19.07.2020,"8059,59","209,165","0,1082","37,2812"
18.07.2020,"8039,47","206,4207","0,1072","37,176"
17.07.2020,"8017,92","203,7234","0,1072","36,6787"
16.07.2020,"8025,41","205,1747","0,1106","36,9374"
15.07.2020,"8061,74","209,0685","0,1143","37,9672"
14.07.2020,"8119,58","210,824","0,1157","38,4797"
13.07.2020,"8152,21","211,4166","0,1098","38,7207"
12.07.2020,"8226,26","214,3612","0,1118","39,541"
11.07.2020,"8183,78","211,7573","0,1109","39,5207"
10.07.2020,"8222,2","213,2836","0,1047","39,1954"
09.07.2020,"8190,44","214,4955","0,1105","39,3037"
08.07.2020,"8330,35","217,9461","0,1144","39,9833"
07.07.2020,"8211,42","212,2138","0,1042","38,4828"
06.07.2020,"8266,38","213,6989","0,093","38,9957"
05.07.2020,"8083,05","202,6768","0,0874","37,0656"
04.07.2020,"8125,55","203,7087","0,0886","37,4248"
03.07.2020,"8072,28","200,1671","0,0858","36,5966"
02.07.2020,"8096,67","201,641","0,0838","36,521"
01.07.2020,"8212,01","205,1848","0,0852","37,1024"
30.06.2020,"8141,7","200,806","0,074","36,6664"
29.06.2020,"8169,19","202,7587","0,0749","37,2178"
28.06.2020,"8136,92","200,5452","0,0718","36,8706"
27.06.2020,"8040,71","196,9631","0,0693","36,6249"
26.06.2020,"8167,55","204,6681","0,0718","38,4377"
25.06.2020,"8243,37","207,2213","0,0727","37,7417"
24.06.2020,"8260,23","208,5714","0,0734","37,8781"
23.06.2020,"8507,26","214,9589","0,0733","39,039"
22.06.2020,"8599,88","215,9569","0,0741","39,3478"
21.06.2020,"8309,56","203,7589","0,0702","38,4342"
20.06.2020,"8373,29","204,7359","0,071","38,9778"
19.06.2020,"8317,57","204,5173","0,071","38,3139"
18.06.2020,"8378,46","206,4913","0,0733","38,7657"
17.06.2020,"8411,73","208,0086","0,0742","39,1834"
16.06.2020,"8459,87","208,895","0,0702","38,953"
15.06.2020,"8321,91","203,8123","0,0692","38,6244"
14.06.2020,"8308,28","206,1691","0,0683","39,1663"
13.06.2020,"8417,76","211,5611","0,0702","40,0557"
12.06.2020,"8412,82","211,1055","0,0705","39,7404"
11.06.2020,"8232,6","204,5367","0,0668","38,3692"
10.06.2020,"8699,01","217,8574","0,0735","41,0166"
09.06.2020,"8627,58","215,1758","0,0736","40,4857"
08.06.2020,"8660,85","218,2702","0,0765","41,1079"
07.06.2020,"8627,71","216,4252","0,0765","41,233"
06.06.2020,"8572,76","214,4317","0,0762","41,4337"
05.06.2020,"8535,28","212,7378","0,0757","41,5177"
04.06.2020,"8639,75","214,6899","0,0786","41,8458"
03.06.2020,"8605,51","217,6866","0,0759","41,933"
02.06.2020,"8523,09","212,5354","0,0702","41,1378"
01.06.2020,"9157,68","222,5483","0,0733","43,3016"
31.05.2020,"8514,09","208,7938","0,0666","41,0708"
30.05.2020,"8725,55","219,0218","0,0693","42,9387"
29.05.2020,"8490,49","198,6145","0,0582","40,0477"
28.05.2020,"8636,76","198,3529","0,0586","40,3533"
27.05.2020,"8345,91","188,9209","0,0501","39,7683"
26.05.2020,"8063,54","183,1284","0,0486","38,5213"
25.05.2020,"8169,59","187,2252","0,0496","39,4113"
24.05.2020,"8027,41","184,5974","0,0483","38,8217"
23.05.2020,"8430,57","189,4685","0,0507","40,2395"
22.05.2020,"8415,84","190,0955","0,0512","40,5548"
21.05.2020,"8277,21","181,6094","0,0477","39,0127"
20.05.2020,"8676,56","191,3789","0,0518","40,3015"
19.05.2020,"8960,37","196,2071","0,0517","41,8967"
18.05.2020,"8902,54","196,6572","0,0497","41,5048"
17.05.2020,"8930,75","191,2264","0,0474","40,3527"
16.05.2020,"8672,75","185,3265","0,0471","39,9714"
15.05.2020,"8581,66","179,5919","0,0466","39,4499"
14.05.2020,"9053,92","188,0245","0,0472","40,7268"
13.05.2020,"8606,17","184,592","0,0475","39,9902"
12.05.2020,"8122,82","174,739","0,0465","38,868"
11.05.2020,"7979,33","172,5859","0,0444","38,7351"
10.05.2020,"8086,75","173,788","0,044","38,9977"
09.05.2020,"8728,17","191,954","0,0472","42,8651"
08.05.2020,"8973,23","193,2376","0,0476","43,579"
07.05.2020,"9219,06","195,7465","0,0474","43,7192"
06.05.2020,"8473,76","184,1895","0,0463","41,6621"
05.05.2020,"8329,31","189,3826","0,0455","42,8613"
04.05.2020,"8150,42","189,4399","0,0455","43,0975"
03.05.2020,"8128,2","191,4507","0,0447","43,8451"
02.05.2020,"8117,3","193,3051","0,046","44,442"
01.05.2020,"7972,36","191,2038","0,0461","42,3984"
30.04.2020,"7887,63","188,4403","0,0436","42,2938"
29.04.2020,"8068,47","198,1315","0,0475","44,8714"
28.04.2020,"7176,54","182,0688","0,0436","42,2307"
27.04.2020,"7195,32","181,6652","0,0431","41,1176"
26.04.2020,"7120,21","182,6089","0,0424","41,2448"
25.04.2020,"6978,22","179,7011","0,0392","41,039"
24.04.2020,"6933,27","173,1476","0,0388","41,1059"
23.04.2020,"6928,55","171,7707","0,0377","39,808"
22.04.2020,"6589,4","168,8499","0,0339","38,6549"
21.04.2020,"6321,03","157,517","0,032","37,4578"
20.04.2020,"6308,28","157,1071","0,0315","37,1339"
19.04.2020,"6564,92","165,7965","0,0329","38,8938"
18.04.2020,"6675,89","172,6577","0,0336","40,6082"
17.04.2020,"6483,14","157,2375","0,0318","38,8861"
16.04.2020,"6543,91","158,477","0,0316","39,1243"
15.04.2020,"6088,07","140,447","0,0293","36,0439"
14.04.2020,"6268,78","144,131","0,03","37,4887"
13.04.2020,"6291,52","143,5535","0,0303","37,8156"
12.04.2020,"6336,4","145,5532","0,031","38,4923"
11.04.2020,"6309,94","144,8834","0,0305","38,8779"
10.04.2020,"6293,14","144,4674","0,0304","38,6769"
09.04.2020,"6681,39","155,5165","0,0331","42,3473"
08.04.2020,"6782,21","159,2865","0,0334","42,851"
07.04.2020,"6612,07","151,0654","0,0323","41,0873"
06.04.2020,"6802,74","159,0482","0,033","41,7082"
05.04.2020,"6277,85","132,3314","0,0296","37,3532"
04.04.2020,"6366,26","133,8626","0,0301","37,7548"
03.04.2020,"6238,27","130,9553","0,0299","37,4596"
02.04.2020,"6276,62","130,5028","0,0294","36,8143"
01.04.2020,"5864,35","120,6874","0,0281","35,1311"
31.03.2020,"5839,07","121,0728","0,0277","35,5351"
30.03.2020,"5808,18","119,9679","0,0271","35,2658"
29.03.2020,"5306,79","112,331","0,0254","33,481"
28.03.2020,"5614,06","117,9422","0,0266","34,9031"
27.03.2020,"5725,73","117,9362","0,0262","34,1821"
26.03.2020,"6131,13","125,9095","0,0278","36,6855"
25.03.2020,"6170,9","125,3892","0,027","36,1222"
24.03.2020,"6261,61","128,4327","0,0279","37,5766"
23.03.2020,"6035,32","126,6749","0,027","36,3027"
22.03.2020,"5478,83","114,9215","0,0254","33,319"
21.03.2020,"5771,76","123,1219","0,0277","35,6174"
20.03.2020,"5808,05","124,2897","0,0277","35,5362"
19.03.2020,"5813,36","128,4142","0,0287","36,6299"
18.03.2020,"4941,33","108,0985","0,0239","31,6814"
17.03.2020,"4890,56","105,4902","0,0237","31,2023"
16.03.2020,"4510,09","99,4153","0,0217","29,6401"
15.03.2020,"4816,82","110,9494","0,0243","32,5864"
14.03.2020,"4660,05","109,9605","0,0233","30,7746"
13.03.2020,"5021,79","120,1227","0,026","33,8333"
12.03.2020,"4301,01","95,9192","0,021","26,5672"
11.03.2020,"7061,26","172,9205","0,0353","43,1395"
10.03.2020,"6985,32","177,2078","0,0366","44,3414"
09.03.2020,"6947,84","177,4375","0,0364","44,1263"
08.03.2020,"7070,32","174,0068","0,0376","44,7069"
07.03.2020,"7894,78","210,5929","0,0434","53,5459"
06.03.2020,"8112,7","216,7455","0,046","55,9962"
05.03.2020,"8081,18","203,5159","0,0458","55,2919"
04.03.2020,"7876,29","201,3717","0,0437","54,1607"
03.03.2020,"7845,76","200,3135","0,0436","54,5674"
02.03.2020,"8012,01","208,118","0,0441","55,1827"
01.03.2020,"7733,85","197,9713","0,0417","52,3866"
29.02.2020,"7758,49","197,9469","0,0435","52,6608"
28.02.2020,"7899,94","205,758","0,0444","54,3654"
27.02.2020,"8010,85","206,2723","0,0452","56,0016"
26.02.2020,"8082,84","206,1027","0,0456","55,8055"
25.02.2020,"8569,71","226,9186","0,0523","65,2368"
24.02.2020,"8909,69","245,0562","0,054","69,7058"
23.02.2020,"9225,58","254,3981","0,0565","73,7713"
22.02.2020,"8925,76","241,4961","0,054","69,0434"
21.02.2020,"8946,09","244,7379","0,0536","67,656"
20.02.2020,"8915,23","238,71","0,0543","64,3619"
19.02.2020,"8894,46","239,6916","0,0548","65,5723"
18.02.2020,"9432,29","261,5546","0,0582","71,399"
17.02.2020,"8957,93","246,8252","0,0543","67,6228"
16.02.2020,"9174,09","240,3236","0,0561","69,0291"
15.02.2020,"9151,44","244,3962","0,0598","70,7741"
14.02.2020,"9567,14","263,6457","0,0652","76,7029"
13.02.2020,"9446,06","247,9241","0,0632","74,3274"
12.02.2020,"9517,48","244,5897","0,0635","74,7985"
11.02.2020,"9405,07","217,2642","0,0572","70,2237"
10.02.2020,"9035,21","204,6304","0,0549","67,9476"
09.02.2020,"9278,71","208,4932","0,0561","70,364"
08.02.2020,"9043,75","203,8648","0,0551","69,9594"
07.02.2020,"8960,45","204,2504","0,0546","67,9071"
06.02.2020,"8883,69","194,0906","0,0543","66,962"
05.02.2020,"8735,08","185,3036","0,0539","65,9614"
04.02.2020,"8305,18","170,8609","0,0508","61,577"
03.02.2020,"8405,64","171,7679","0,0516","63,0636"
02.02.2020,"8420,17","170,0538","0,0507","63,1544"
01.02.2020,"8460,44","165,4949","0,0508","63,7943"
31.01.2020,"8463,39","163,7368","0,049","61,7885"
30.01.2020,"8613,23","167,2512","0,0511","61,6094"
29.01.2020,"8431,88","157,6801","0,0496","54,2932"
28.01.2020,"8510,56","159,5714","0,0475","55,0304"
27.01.2020,"8072,61","154,3405","0,0433","53,1499"
26.01.2020,"7795,57","151,9897","0,0402","50,9548"
25.01.2020,"7571,49","145,4215","0,0397","48,3276"
24.01.2020,"7652,8","147,4398","0,0403","49,3423"
23.01.2020,"7596,96","147,3275","0,0391","49,3048"
22.01.2020,"7811,61","151,4546","0,041","52,5495"
21.01.2020,"7876,72","152,8175","0,0412","51,9811"
20.01.2020,"7787,27","150,3669","0,0397","51,5389"
19.01.2020,"7850,55","150,578","0,038","52,0488"
18.01.2020,"8033,97","156,9769","0,0406","53,4418"
17.01.2020,"8021,82","153,5041","0,0408","55,1399"
16.01.2020,"7831,41","147,7887","0,037","51,7772"
15.01.2020,"7903,47","149,2158","0,0383","52,1925"
14.01.2020,"7931,8","149,1189","0,0372","52,6191"
13.01.2020,"7286,02","129,0126","0,0333","44,5528"
12.01.2020,"7357,06","131,4093","0,0339","46,051"
11.01.2020,"7219,34","128,3497","0,0334","44,4657"
10.01.2020,"7361,79","129,9963","0,033","43,9675"
09.01.2020,"7044,51","124,1425","0,0326","40,3826"
08.01.2020,"7234,23","126,5302","0,0328","40,7853"
07.01.2020,"7326,25","128,3198","0,033","41,6073"
06.01.2020,"6936,5","128,8001","0,0328","40,9157"
05.01.2020,"6595,54","121,3129","0,031","38,83"
04.01.2020,"6595,86","120,2548","0,0311","38,3573"
03.01.2020,"6572,7","120,0421","0,0304","37,6859"
02.01.2020,"6234,75","113,7357","0,0294","35,2812"
01.01.2020,"6414,26","116,4465","0,0298","37,0774"
31.12.2019,"6411,12","115,0615","0,0293","36,7861"
30.12.2019,"6462,64","117,4213","0,0301","37,829"
29.12.2019,"6620,91","120,3087","0,031","38,5887"
28.12.2019,"6552,04","114,6132","0,0301","38,2647"
27.12.2019,"6496,4","113,1165","0,0297","36,6552"
26.12.2019,"6499,77","113,2549","0,0308","36,0539"
25.12.2019,"6496,13","112,7612","0,0304","36,1801"
24.12.2019,"6555,73","115,3375","0,0311","36,3986"
23.12.2019,"6611,24","115,5989","0,03","36,6745"
22.12.2019,"6790,09","119,2795","0,031","37,7876"
21.12.2019,"6469,33","114,7236","0,03","35,8277"
20.12.2019,"6505,83","115,801","0,0305","36,2512"
19.12.2019,"6440,69","115,2352","0,0299","35,67"
18.12.2019,"6562,57","119,4266","0,0307","36,7224"
17.12.2019,"5951,17","109,3074","0,0282","33,0832"
16.12.2019,"6200,61","119,1053","0,0307","35,8957"
15.12.2019,"6405,48","128,0851","0,033","39,058"
14.12.2019,"6380,4","127,5988","0,0328","38,9427"
13.12.2019,"6531,18","130,1757","0,0334","39,9432"
12.12.2019,"6446,67","129,6","0,0328","39,044"
11.12.2019,"6484,83","128,825","0,033","39,1925"
10.12.2019,"6526,32","131,2958","0,0331","39,7645"
09.12.2019,"6646,53","133,2973","0,0339","40,1835"
08.12.2019,"6820,79","136,164","0,0351","41,2285"
07.12.2019,"6800,72","133,2269","0,0352","40,8518"
06.12.2019,"6833,16","134,3836","0,0345","40,9973"
05.12.2019,"6669,92","133,3204","0,0342","40,3691"
04.12.2019,"6506,19","131,3618","0,0338","40,454"
03.12.2019,"6599,68","133,1457","0,0343","40,7381"
02.12.2019,"6615,42","134,4328","0,0345","41,3381"
01.12.2019,"6737,78","136,9495","0,0358","43,1266"
30.11.2019,"6877,31","137,6862","0,0367","43,1287"
29.11.2019,"7051,23","140,2869","0,0374","44,3042"
28.11.2019,"6761,35","137,0395","0,0357","42,4811"
27.11.2019,"6848,68","139,4249","0,0356","43,598"
26.11.2019,"6512,32","133,6233","0,0334","42,6944"
25.11.2019,"6487,72","133,3396","0,0331","41,4451"
24.11.2019,"6295,64","127,2761","0,0327","39,7563"
23.11.2019,"6660,28","138,4145","0,0345","43,6764"
22.11.2019,"6625,15","135,936","0,0336","43,0348"
21.11.2019,"6899,02","145,5536","0,0348","45,8108"
20.11.2019,"7309,4","157,6716","0,0372","49,6218"
19.11.2019,"7346,1","158,7083","0,0388","49,7438"
18.11.2019,"7400,44","161,0625","0,0397","50,5143"
17.11.2019,"7713,47","166,3753","0,0417","53,5678"
16.11.2019,"7690,93","164,9941","0,0401","52,7311"
15.11.2019,"7666,94","162,9457","0,0401","52,1129"
14.11.2019,"7846,97","168,5118","0,039","53,8008"
13.11.2019,"7976,45","170,8692","0,0395","55,3402"
12.11.2019,"7935,63","168,166","0,0404","55,721"
11.11.2019,"7914,23","168,0587","0,0395","55,981"
10.11.2019,"8212,82","171,5589","0,0397","57,8139"
09.11.2019,"8005,87","168,1766","0,0384","56,4343"
08.11.2019,"7967,45","167,0985","0,0386","54,9574"
07.11.2019,"8339,83","169,4453","0,0394","55,7304"
06.11.2019,"8452,8","173,2566","0,0404","58,0746"
05.11.2019,"8411,64","170,3583","0,0401","57,0428"
04.11.2019,"8472,29","167,2067","0,0385","55,2666"
03.11.2019,"8257,6","163,2484","0,0376","52,4667"
02.11.2019,"8347,98","163,8591","0,0381","52,1871"
01.11.2019,"8292,34","163,9031","0,0379","52,2003"
31.10.2019,"8217,11","163,5655","0,0371","52,309"
30.10.2019,"8226,91","164,2418","0,0376","51,9746"
29.10.2019,"8490,5","171,592","0,0389","53,7894"
28.10.2019,"8310,94","164,2705","0,0389","52,1154"
27.10.2019,"8615,37","165,8417","0,0384","53,9397"
26.10.2019,"8354,56","162,3468","0,0364","51,2795"
25.10.2019,"7824,03","163,8034","0,0374","51,4063"
24.10.2019,"6708,23","144,6574","0,0339","44,8296"
23.10.2019,"6713,44","145,6694","0,0326","44,3911"
22.10.2019,"7229,21","154,7422","0,0354","47,9756"
21.10.2019,"7384,85","156,1836","0,0352","49,1725"
20.10.2019,"7386,3","156,6284","0,0353","49,1562"
19.10.2019,"7142,02","154,4892","0,0352","48,1234"
18.10.2019,"7138,2","155,2601","0,034","47,6698"
17.10.2019,"7275,85","159,4216","0,0352","49,3078"
16.10.2019,7237,"157,7962","0,0348","47,4098"
15.10.2019,"7410,74","163,7109","0,0357","49,491"
14.10.2019,"7587,83","169,2886","0,0376","51,538"
13.10.2019,"7529,02","164,2603","0,0371","51,2046"
12.10.2019,"7559,69","163,8559","0,0369","50,6781"
11.10.2019,"7504,44","163,7223","0,0368","50,7492"
10.10.2019,"7807,54","173,682","0,0381","52,3895"
09.10.2019,"7825,75","175,9133","0,0389","53,9801"
08.10.2019,"7486,86","165,1867","0,0375","52,0534"
07.10.2019,"7489,73","164,1481","0,0376","52,533"
06.10.2019,"7180,09","155,9914","0,0356","49,6818"
05.10.2019,"7439,96","161,2789","0,0361","51,7872"
04.10.2019,"7442,76","160,1206","0,0363","51,546"
03.10.2019,"7519,71","159,2744","0,0349","51,5273"
02.10.2019,"7651,83","164,7802","0,0359","51,4628"
01.10.2019,"7623,75","161,133","0,0352","50,9518"
30.09.2019,"7620,84","165,7782","0,0354","51,439"
29.09.2019,"7379,74","154,8187","0,0343","49,2761"
28.09.2019,"7519,73","158,8811","0,0355","50,6662"
27.09.2019,"7509,02","158,9838","0,0361","51,0828"
26.09.2019,"7386,13","151,8966","0,0343","50,4853"
25.09.2019,"7711,43","155,3455","0,0362","52,5038"
24.09.2019,7763,"151,5483","0,0353","49,9832"
23.09.2019,"8813,7","182,7495","0,0432","60,3883"
22.09.2019,"9119,82","192,0635","0,0441","65,6565"
21.09.2019,"9076,05","195,2894","0,0467","66,4536"
20.09.2019,"9234,71","197,8236","0,0465","68,1515"
19.09.2019,"9299,79","199,8437","0,0477","69,5391"
18.09.2019,"9219,04","190,749","0,0487","70,5026"
17.09.2019,"9215,3","187,5478","0,0447","66,9508"
16.09.2019,"9334,82","179,5838","0,0429","66,11"
15.09.2019,"9323,16","170,8617","0,042","63,324"
14.09.2019,"9322,97","169,4058","0,0419","63,3802"
13.09.2019,9319,"162,7542","0,0409","62,0642"
12.09.2019,"9429,58","163,5881","0,0415","62,675"
11.09.2019,"9240,54","162,0435","0,0408","63,4254"
10.09.2019,"9152,45","162,9188","0,042","64,1006"
09.09.2019,"9341,02","163,4646","0,0422","63,4136"
08.09.2019,"9450,89","164,536","0,0426","64,0113"
07.09.2019,"9450,17","160,0702","0,0416","61,9346"
06.09.2019,"9288,17","152,112","0,0399","58,6422"
