Date,Microsoft,JP Morgan,Toyota,AXA,Siemens-Bond,Microsoft Bond,ExxonMobil Bond,Germany Bond
07.02.2024,"384,2","162,6","20,565","30,45","79,81","109,5","94,88","53,133"
06.02.2024,"375,3","162,6","20,17","30,7","80,15","109,388","94,8","53,049"
05.02.2024,"377,1","162,9","18,934","30,245","79,96","109,352","94,85","53,286"
02.02.2024,"381,35",160,"18,65","30,545","80,7","110,76","95,06","54,561"
01.02.2024,"370,95","159,6","18,798","30,71","81,49","111,9","95,2","54,519"
31.01.2024,"368,3","162,3","18,4","31,115","81,3","111,329","95,2","54,12"
30.01.2024,"376,9","162,4","18,296","31,225","82,58","110,6","95,035","53,411"
29.01.2024,"378,25","159,3","18,436","30,955","80,66","110,009","95,035","53,469"
26.01.2024,"371,8","158,5","17,844","30,94","80,02",110,"95,01","52,774"
25.01.2024,"372,8","156,9","18,096","30,86","80,792","109,51","94,87","53,085"
24.01.2024,"370,2","156,5","18,278","30,86","79,58","109,51","94,87","53,059"
23.01.2024,"367,45","156,5","18,598","30,62","79,36","109,13","94,87","52,993"
22.01.2024,"365,15","157,3","18,564","30,83",80,"109,99","94,87","53,754"
19.01.2024,"365,65","156,2","18,468","30,54","81,294","109,99","94,92","53,077"
18.01.2024,"361,65","153,9","18,31","29,81","79,19","110,15","94,92","53,061"
17.01.2024,"356,65","154,8","17,77","29,515","79,52","110,46","95,08","53,389"
16.01.2024,"358,35","154,3","17,896","29,52","81,603","110,46","95,35","54,007"
15.01.2024,"356,35","153,4","17,968","29,39","80,11","110,99","95,398","53,815"
12.01.2024,"354,65","155,9","17,858","29,555","80,6","110,99","95,27","54,513"
11.01.2024,"350,55","154,9","17,508","29,255","80,11","110,99","94,84","54,397"
10.01.2024,349,"155,7","17,484","29,615","80,05","110,627","94,78","54,287"
09.01.2024,"343,3",156,16,"29,705","80,17","110,627","94,77","54,309"
08.01.2024,"341,65","156,8","17,096","29,795","80,63","111,19","94,68","54,516"
05.01.2024,"335,55",157,"16,988","29,78","80,57","111,3","94,68","54,507"
04.01.2024,"337,5","156,4","16,166","30,005","80,91","111,756","94,85","54,686"
03.01.2024,"340,2","156,7","16,576","30,005","81,73","111,756","94,88","55,592"
02.01.2024,"337,05",157,"16,52","29,64","81,6","112,46",95,"55,7"
29.12.2023,"339,25","154,2","16,39","29,48","82,892","113,45","95,08","56,148"
28.12.2023,340,"152,6","16,122","29,6","83,08","113,45","95,08","57,044"
27.12.2023,"336,25","152,4","16,05","29,865","83,56","112,85",95,"57,579"
22.12.2023,"340,35","151,8","15,796","29,62","82,71","112,281",95,"57,039"
21.12.2023,"339,45","153,6","16,202","29,53","82,93","112,281",95,"57,223"
20.12.2023,"339,9","153,2","16,498","29,37","82,97","112,25","94,86","57,328"
19.12.2023,"339,05","153,3","16,336","29,33","82,4","112,74","94,846","56,723"
18.12.2023,"341,35",152,"16,752","29,175","81,64","112,2","94,846","56,695"
15.12.2023,"341,05","151,1","16,368","29,3","81,797","112,147","94,81","56,527"
14.12.2023,"332,75","149,1","16,632","29,24","83,073","111,726","94,935","54,748"
13.12.2023,"342,65","147,9","16,8","29,91","80,133","108,975","94,04","54,778"
12.12.2023,"345,85","148,5","17,052","30,03","79,576","108,799","93,92","54,104"
11.12.2023,"343,95","147,6","17,334","30,025","78,805","108,73","93,89","53,711"
08.12.2023,347,"147,1","17,2","29,96","78,938","108,903","94,06","53,332"
07.12.2023,"343,3",145,"17,484","29,94","79,564","109,624","94,19","54,178"
06.12.2023,"342,8","145,1","17,46","29,615","79,932","110,4","94,21","54,104"
05.12.2023,"344,85","146,2","17,37","29,24","79,201","108,41","94,21","53,119"
04.12.2023,"340,35","145,7","17,412","29,07","78,034","107,92","94,29","52,001"
01.12.2023,"344,2",144,"17,59","28,975","77,612","107,1","94,03","50,733"
30.11.2023,"348,1","143,2","17,34","28,625","78,931","107,3","94,03","50,365"
29.11.2023,345,"140,6","17,3","28,565","76,814","106,625","93,991","51,022"
28.11.2023,"346,95","139,6","16,82","28,445","76,191","105,935","93,48","50,079"
27.11.2023,"345,75","139,7","17,064","28,39","75,987","105,54","93,48","49,758"
24.11.2023,345,"139,9","17,14","28,55","75,194","105,54","93,48","49,32"
23.11.2023,"348,15","140,8","17,048","28,34","75,379","105,93","93,48","49,545"
22.11.2023,"347,15","140,9","16,642","28,275","75,718","105,93","93,46","50,429"
21.11.2023,"341,4",140,"16,65","28,22","75,423","105,93","93,42","49,827"
20.11.2023,"345,35",140,"16,904","28,32","76,973","105,67","93,42","49,37"
17.11.2023,"338,1","140,5","17,574","28,455","75,217","105,67","93,44","49,336"
16.11.2023,"346,1","139,5","17,46","28,02","75,193","104,5","93,348","49,401"
15.11.2023,341,138,"17,49","28,02","74,729","104,416","93,22","48,771"
14.11.2023,"339,55","136,3","17,614","28,185","75,268","104,416","93,176","48,966"
13.11.2023,"342,95","136,8","17,528","28,105","74,067","102,819","92,7","47,738"
10.11.2023,"346,15","136,9","17,39","27,66","73,826","103,624","92,788","48,012"
09.11.2023,"338,5","135,2","17,072","27,66","74,43","103,25","92,94","48,794"
08.11.2023,"338,4","135,1","17,084","27,74","75,032","103,22","92,94","49,055"
07.11.2023,"337,85","134,7","17,564","27,5","74,41","102,51","92,94","48,251"
06.11.2023,"332,2","134,3","17,63","27,845","73,361","102,456","93,04","47,223"
03.11.2023,"328,9",133,"17,23","27,845","74,374","102,9","93,052","43,629"
02.11.2023,"327,75","131,3","17,098","28,74","73,489","100,84","92,752","47,379"
01.11.2023,"327,3","131,6","17,366","28,41","72,532","98,817","92,46","46,481"
31.10.2023,"318,9","131,5","16,306","27,955","72,093","98,191","92,4","46,567"
30.10.2023,"318,25","129,2","15,898","28,075","71,779","97,786","92,41","45,9"
27.10.2023,"311,9","129,5","16,158","27,555","71,846","97,786","92,36","45,859"
26.10.2023,"311,25",134,"16,084","27,56","71,684","97,399","92,23","45,926"
25.10.2023,"322,6","132,7","15,986","27,425","73,6","97,72","92,33","45,966"
24.10.2023,"312,75","133,8","15,864","27,435","71,842","98,473","92,33","46,551"
23.10.2023,309,132,"16,134","27,165","71,557","97,48","92,16","45,902"
20.10.2023,"308,9","135,1","16,32","27,215","71,229","96,654","92,02","45,975"
19.10.2023,313,137,"16,412","27,785","71,032",97,"91,97","46,141"
18.10.2023,"314,5",139,"16,178",28,"71,043","98,428","92,07","46,08"
17.10.2023,"313,95","140,4","16,85","28,335","73,94","98,446","92,166","46,197"
16.10.2023,316,"139,6","16,898","28,005","72,54","99,968","92,44","46,922"
13.10.2023,"311,7","139,9","16,808","28,095","72,893","100,77","92,46","47,92"
12.10.2023,"314,85","138,3","17,12","28,365","72,333","100,17","92,5","47,691"
11.10.2023,"312,25","137,9","16,194","28,415","74,52","101,95","92,51","47,834"
10.10.2023,"310,4","137,2","16,668","28,405","72,051","101,29","92,44","46,342"
09.10.2023,"312,35","136,8","16,332","27,795","71,633","98,38","92,2","46,266"
06.10.2023,310,"136,9","15,89","27,855","70,782","98,333","92,16","45,427"
05.10.2023,"299,55","135,6","15,852","27,325","70,79","99,26","92,3","45,649"
04.10.2023,"304,1","136,1","16,072","27,17","70,522","99,241","92,09","45,344"
03.10.2023,"298,55","136,2","16,592","27,345","70,473","99,176","92,28","45,468"
02.10.2023,"304,05","136,4","16,952","27,555","70,967","100,776","92,38","46,288"
29.09.2023,"299,1",137,"16,826","28,2","72,109","101,5","92,522","47,12"
28.09.2023,"297,05","139,5","17,178","28,285","71,03","100,632","92,31","46,227"
27.09.2023,"297,6","138,6","17,5","28,325","71,615",102,"92,48","47,469"
26.09.2023,"293,7","137,7","16,884","28,66","72,068",102,"92,48","47,418"
25.09.2023,"298,4","137,4","17,434","28,705","72,227","102,916","92,48","47,458"
22.09.2023,"297,2","136,7","17,39","28,765","74,487","103,74","92,404","48,242"
21.09.2023,"300,45","137,9","17,22","28,945","73,133","103,818","92,37","48,425"
20.09.2023,"301,3","139,4","17,526","29,45","74,014","104,64","92,6","48,819"
19.09.2023,"307,05","139,3","18,168","29,265","73,759",104,"92,64","48,801"
18.09.2023,"305,85","139,4","17,598","29,17","73,758",104,"92,67","48,889"
15.09.2023,"309,95","140,6","17,572","29,42","74,023","105,011","92,742","49,232"
14.09.2023,"318,7","137,1","17,468","29,17","74,559","105,75","92,742","50,178"
13.09.2023,"313,05","136,3","16,596","28,48","73,996",104,"92,67","50,047"
12.09.2023,"309,6","136,3","16,884","28,115","73,779","105,2","92,67","49,897"
11.09.2023,"314,45","134,2","16,536",28,"73,763","105,2","92,67","49,924"
08.09.2023,"312,45","134,3","16,448","27,655","74,032","104,83","92,67","50,56"
07.09.2023,"308,55","135,5","16,506","27,65","73,914","104,796","92,59","50,161"
06.09.2023,"310,65",135,"16,558","27,535","73,758","104,796","92,76","50,091"
05.09.2023,"311,6","135,3","16,236","27,78","73,896","105,192","92,98","50,087"
04.09.2023,"305,05","136,8",16,"27,755","74,081","104,27","92,83","50,671"
01.09.2023,"304,75","136,1","15,838","27,955","76,611","106,12","93,137","51,206"
31.08.2023,"302,8","135,3","15,718","28,005","71,424","106,12","92,87","51,895"
30.08.2023,"300,65","135,5","15,26","27,975","74,876","106,12","92,83","51,324"
29.08.2023,"301,3","136,5","15,112","28,08","75,523","105,469","92,41","51,064"
28.08.2023,"299,05","136,2","15,344","27,775","74,943","105,98","92,31","51,072"
25.08.2023,"299,7",136,"15,07","27,5","75,012","105,345","92,31","51,298"
24.08.2023,"296,75","136,1","14,536","27,375","75,58","105,4","92,31","51,601"
23.08.2023,"301,75","135,5","15,184","27,425","75,641","104,36","92,15","51,457"
22.08.2023,"297,95","134,8","14,748","27,34","74,622","103,878","92,22","49,862"
21.08.2023,"295,45",137,"14,878","27,245","73,931","104,001","92,28","49,522"
18.08.2023,"291,35","136,9","14,76","26,98","74,72","104,08","92,28","50,276"
17.08.2023,"291,9","136,5","14,52","27,485","74,139","103,93","92,183","49,626"
16.08.2023,"294,65",138,"14,768","27,28","74,877","104,983","92,39","50,082"
15.08.2023,"296,35","138,1","15,15","27,45","74,641",105,"92,314","49,943"
14.08.2023,"294,9","141,9","15,138","28,045","76,8","106,304","92,44","50,264"
11.08.2023,"293,7",141,"15,204","27,805","75,128","106,35","92,68","50,564"
10.08.2023,"294,4","140,9","15,246","28,22","75,962","107,813","92,947","51,723"
09.08.2023,"294,4","142,9","14,662","27,85","76,213","107,813",93,"51,692"
08.08.2023,297,"142,1","15,48","27,24","76,651","107,643","93,03","52,337"
07.08.2023,"299,35","142,3","15,762","27,615","75,301","107,446","92,89","50,566"
04.08.2023,"297,85","141,6","15,474","27,355","75,8","105,944","92,71","50,97"
03.08.2023,"298,95","142,7","15,176","26,9","75,372","105,578","92,74","50,594"
02.08.2023,"299,1","141,9","15,874","27,385","77,93","107,109","92,8","49,422"
01.08.2023,"307,3",143,"15,328","27,895","78,305","108,26","92,86","51,519"
31.07.2023,"303,7","143,5","15,208","28,135","76,324","108,25","92,86","52,162"
28.07.2023,"307,25","142,2","15,008","28,205","76,25","108,2","92,86","52,193"
27.07.2023,"301,2","142,5","14,934","27,815","76,722","109,16","93,1","53,302"
26.07.2023,"304,15",142,"14,832","27,48","77,178","108,85","93,06","53,005"
25.07.2023,"317,35","143,6","14,828","27,705","77,31","109,159","93,06","53,33"
24.07.2023,"311,35","143,2","14,828","27,875","77,222","109,21","93,12","53,693"
21.07.2023,"306,95","140,6","14,576","27,64","77,036","109,21","93,11","53,46"
20.07.2023,"310,95","140,5","14,59","27,275","78,791","109,48","93,26","53,289"
19.07.2023,"314,95","137,5","14,546","26,725","77,195","109,67","93,36","53,802"
18.07.2023,"322,55",136,"14,494","26,41","77,761","109,27","93,36","54,044"
17.07.2023,"307,5","136,2","14,096","26,645","76,858","109,04","93,36","52,944"
14.07.2023,"308,4","133,3","14,052","26,385","76,701","109,44","93,51","52,821"
13.07.2023,306,"132,5","14,232","26,665","78,741","109,1","93,375","52,745"
12.07.2023,"303,05","132,9","14,264","26,6","76,155","107,97","92,975","51,393"
11.07.2023,"301,6","133,8","14,328","25,865","75,139","107,66","92,63","51,126"
10.07.2023,"300,55",132,"14,48","25,545","75,936","107,068","92,44","51,295"
07.07.2023,"307,4","131,5","14,942","25,4","75,259","107,068","92,44","51,477"
06.07.2023,"314,75","131,4","14,898","25,745","75,572","107,49","92,48","52,139"
05.07.2023,"311,4","133,1","14,97","26,165","77,136","109,423","92,71","53,744"
04.07.2023,"310,75","134,4","14,702","27,14","77,473","109,62","92,71","54,051"
03.07.2023,"309,55","134,1","14,082","27,23","77,639","109,62","92,71","54,735"
30.06.2023,"312,8","133,1","14,706","27,15","77,728","109,452","92,8","53,91"
29.06.2023,"307,6","131,8","14,738","26,97","77,113","109,58","93,06","54,138"
28.06.2023,"306,55","126,8","14,66","26,905","77,946","109,95","93,21","54,905"
27.06.2023,"306,75","126,8","14,19","26,74","77,743","109,95","93,241","54,589"
26.06.2023,"302,45","127,9","14,014","26,6","79,96","109,95","93,241","54,503"
23.06.2023,"308,4","127,4","13,992","26,4","77,679","109,765","93,225","54,455"
22.06.2023,"309,75","127,2","14,194","26,165","76,511","109,59","93,18","53,258"
21.06.2023,"303,85","129,4","14,116","26,25","76,739","109,685","93,17","53,29"
20.06.2023,"309,85","130,5","13,792","26,33","76,677","109,62","93,17","53,422"
19.06.2023,"313,05","130,9","14,594","26,66","75,372","109,62","93,18","51,941"
16.06.2023,313,"130,9","15,006","26,45","75,779","109,62","93,18","52,786"
15.06.2023,"317,95","130,6","15,498","26,375","75,452","108,793","93,07","52,457"
14.06.2023,"310,85","130,6","15,334","26,68","75,593","108,85","93,196","52,028"
13.06.2023,"309,4","131,5","14,498","26,49","75,695","108,85","93,54","52,386"
12.06.2023,"308,1","130,9","13,818","26,475","75,813","108,85","93,39","52,578"
09.06.2023,"304,9","131,1","13,874","26,535","75,991","108,816","93,55","52,725"
08.06.2023,"300,6","130,4","13,564","27,155","75,334","108,816","93,55","52,072"
07.06.2023,"302,45","131,4","13,188","27,105","74,821","109,87","93,73","52,297"
06.06.2023,"312,4","130,2","13,826","27,17","77,44","110,38","93,78","52,33"
05.06.2023,"314,6","129,7","13,55","27,385","75,339","110,639","93,73","52,587"
02.06.2023,"313,15","128,5","13,576","27,195","75,914","110,639","93,96","53,293"
01.06.2023,"309,2","127,7","12,8","26,77","76,179","110,333","93,857","53,76"
31.05.2023,"307,8","126,9","12,66","26,43","75,981","109,65","93,695","53,656"
30.05.2023,"310,25",128,"12,6","27,21","75,606","109,133","93,447","52,923"
29.05.2023,"312,25","127,8","12,896","27,345","73,46","108,72","93,33","52,455"
26.05.2023,"310,5","127,5","13,034","27,15","73,71","109,68","93,39","50,958"
25.05.2023,"304,3","126,4","12,938","26,97","73,714","109,68","93,61","51,632"
24.05.2023,"292,05","125,8","12,842","27,065","74,03","109,69","93,78","51,837"
23.05.2023,"293,2","127,7","12,866","27,615","74,025","109,69","93,76","51,258"
22.05.2023,297,"130,1","12,97","27,705","73,837","109,91","93,858","51,42"
19.05.2023,"294,3","128,7","13,198","27,835","73,787","110,12","93,858","51,573"
18.05.2023,"295,55","127,9","13,084","27,67","73,436","110,12","94,08","51,414"
17.05.2023,"289,95","127,6","12,894","27,59","74,297","110,213","94,45","52,849"
16.05.2023,"287,2","123,5","12,942","27,75","74,96","110,213","94,65","52,605"
15.05.2023,"284,5","124,3","12,936","27,685","75,887","111,47","94,76","53,038"
12.05.2023,"283,55","125,7","13,146","27,105","76,569","112,029","94,93","53,762"
11.05.2023,"283,85","124,5","12,948","26,93","77,256","111,95","94,93","54,321"
10.05.2023,"284,5","124,6","13,148","27,14","77,09","110,979","94,612","53,358"
09.05.2023,"279,65","124,3","12,766","27,62","76,836","110,71","94,545","52,857"
08.05.2023,"280,2","124,2","12,416","27,44","77,582","111,863","94,687","53,312"
05.05.2023,"282,1","123,2","12,42","28,685","77,433","111,186","94,98","53,59"
04.05.2023,"278,2","121,7","12,42","28,43","78,615","111,186","95,04","54,783"
03.05.2023,"276,1","122,9","11,802","28,785","78,411","111,186","94,75","54,799"
02.05.2023,"276,8","128,9","12,4","29,22","78,437","111,186","94,5","53,687"
28.04.2023,"276,3","125,3","12,358","29,57","78,07","112,225","94,69","54,046"
27.04.2023,"276,4","124,2","12,362","29,605","76,571","112,225","94,79","52,457"
26.04.2023,"267,8","122,4","11,976","29,38","77,075","112,892","94,79","52,644"
25.04.2023,"251,8","125,4","11,746","29,105","77,806","112,892","94,625","52,881"
24.04.2023,"255,25","127,3","12,154","29,34","76,71","111,347","94,298","51,622"
21.04.2023,"260,25","127,7","12,136","29,185","76,847","111,347","94,23","51,593"
20.04.2023,"260,6","128,3","12,162","29,17","77,308","111,403","94,12","52,742"
19.04.2023,"263,45",129,"12,258","29,245","76,787","111,42","94,16","52,39"
18.04.2023,"262,45","128,7","12,418","28,865","77,104","111,699","94,36","52,437"
17.04.2023,"262,75","127,6","12,586","28,275","78,47","112,05","94,36","52,031"
14.04.2023,260,126,"12,314","28,63","76,901","112,311","94,47","52,859"
13.04.2023,"262,05",115,"12,286","29,2","79,32","112,362","94,4","53,457"
12.04.2023,"258,25","116,8","12,758","29,135","77,145","112,362","94,4","53,768"
11.04.2023,"259,5","117,5","12,4","28,95","77,774","112,362","94,29","54,402"
06.04.2023,"267,2","116,6","12,636","28,72","78,818","112,362","94,653","55,738"
05.04.2023,"260,4","116,9","12,382","28,32","78,776","111,848","94,58","55,762"
04.04.2023,"262,15","117,2","12,948","28,615","78,072","110,92","94,17","54,824"
03.04.2023,"261,25","120,2","12,936","28,315","77,856","110,511","93,84","55,525"
31.03.2023,"265,9","118,4","12,798","28,29","77,132","110,139","93,61","54,513"
30.03.2023,"260,35","119,08","12,672","28,325","76,112","109,47","93,61","54,026"
29.03.2023,"258,7","119,02","12,998","27,81","76,07","109,419","93,61","54,302"
28.03.2023,"252,9","118,68","12,788","27,1","76,417","109,509","93,735","54,508"
27.03.2023,"256,25","119,8","12,682","27,255","76,83",110,"93,735","55,593"
24.03.2023,"260,65","115,54","12,602","26,57","77,82","110,263","93,964","56,852"
23.03.2023,"256,55","118,02","12,446","27,345","77,755","109,87","93,47","56,221"
22.03.2023,"251,05","117,18","12,218","27,23","76,719","109,87","93,034","55,174"
21.03.2023,"253,95","120,72","12,3","27,74","75,31","111,05","93,299","55,652"
20.03.2023,"253,95","116,98","12,172","27,06","79,11","110,6","93,467","57,148"
17.03.2023,"262,55","117,98","12,094","26,125","77,112","110,865","92,99","57,616"
16.03.2023,"260,1","121,24","12,34","26,775","75,869","110,865","93,17","55,938"
15.03.2023,"250,8","121,3","12,558","26,535","77,126","110,14","93,17","57,574"
14.03.2023,"241,25","124,48","12,752","27,625","75,236","109,51","92,608","53,621"
13.03.2023,"239,2","123,1","12,8","27,8","76,919","109,58","93,17","55,731"
10.03.2023,"234,2","122,98","12,9","29,12","75,821","107,77","91,87","53,666"
09.03.2023,239,"123,12","13,062","30,075","74,983","106,85","91,23","51,841"
08.03.2023,"240,15","130,48","13,128","30,2","75,064","107,419","91,33","52,548"
07.03.2023,"240,3","131,26","13,112","30,145","77,2","107,7","91,626","51,651"
06.03.2023,"241,65","133,64","13,284","30,14","73,772","107,736","91,626","51,286"
03.03.2023,"240,1","134,96","13,102","29,925","73,924","106,762","91,5","50,986"
02.03.2023,"236,7","134,3","12,862","29,8","73,488","105,77","91,402","50,407"
01.03.2023,"231,2","133,52","12,794","30,005","73,868","106,72","91,79","50,811"
28.02.2023,"235,6","135,32","12,728","30,12","74,51","106,74","91,813","51,562"
27.02.2023,"235,6","133,88","12,942","29,495","75,411","107,52","91,813","52,147"
24.02.2023,"236,25","133,44","12,874","28,345","75,942","107,668","91,91","53,174"
23.02.2023,"237,85","131,6","13,056","28,645","76,471","107,4","92,07","53,675"
22.02.2023,"236,5","130,56","12,998","27,715","77,97","107,09","92,07","52,916"
21.02.2023,"236,65",131,"12,552","28,3","76,285","107,928","92,26","52,912"
20.02.2023,"241,1","131,8","12,848","28,255","77,283","108,48","92,27","53,721"
17.02.2023,"240,05","132,88","13,304","28,365","77,464",108,"92,27","53,64"
16.02.2023,"246,05","132,72","13,276","28,36","78,127","110,32","92,42","53,209"
15.02.2023,"251,05","134,4","13,12","28,265","77,11","111,06","92,51","53,495"
14.02.2023,"254,3","132,98","13,256","28,38","79,219","111,06","92,78","54,209"
13.02.2023,"252,4","131,18","13,514","28,505","79,924","110,89","92,87","54,707"
10.02.2023,"246,15","130,88","13,584","28,36","79,95","110,89","93,043","54,61"
09.02.2023,"246,4","130,72","13,086","28,785","80,565","111,52","93,043","55,326"
08.02.2023,"248,85","133,14","13,338","28,63","80,102","112,02","93,02","54,635"
07.02.2023,"249,35","133,8","13,41","28,4","80,403","112,02",93,"55,272"
06.02.2023,"239,3","132,14","13,498","28,46","80,806","112,28","93,18","55,362"
03.02.2023,"239,15","130,54","13,308","28,595","81,824","112,95","93,719","55,871"
02.02.2023,"240,25","127,16","13,432","28,805","82,792","114,31","94,021","57,941"
01.02.2023,"230,7","126,92","13,518","28,645","80,497","112,9","93,55","55,776"
31.01.2023,227,"128,6","13,5","28,515","80,272","112,542","93,47","55,799"
30.01.2023,"223,8","127,92","13,276","28,665","80,076","112,15","93,47","55,918"
27.01.2023,"228,7","129,4","13,642","28,645","80,796","112,31","93,605","56,337"
26.01.2023,"227,35","128,38",13,"28,67","80,982","113,03","93,605","56,58"
25.01.2023,"220,4","127,34","13,516","28,405","81,609","114,13","93,605","57,178"
24.01.2023,"222,3","127,12","13,362","28,25","81,771","112,369","93,605","57,398"
23.01.2023,"223,2","126,18","13,498","28,125","81,294","112,369","93,71","56,742"
20.01.2023,"221,1","124,86","13,56","28,235","81,783","113,505","93,83","57,084"
19.01.2023,"215,55","124,36","13,282","27,97","83,03","113,59","94,05","59,261"
18.01.2023,"218,9","126,44","13,376","28,1","83,957","113,362","93,941","59,671"
17.01.2023,"222,05","130,32","13,35","27,995","82,886","112,29","93,6","57,892"
16.01.2023,"221,5","132,18","13,068","28,095","81,937","112,43","93,6","57,132"
13.01.2023,"220,9","127,6","12,87","27,81","82,136","112,43","93,72","57,632"
12.01.2023,"220,85","128,42","13,07","27,97","82,116","111,54","93,693","57,572"
11.01.2023,218,"129,48","12,92","27,305","81,808","110,836","93,278","57,157"
10.01.2023,"212,95","128,96","12,854","27,385","80,504","110,836","93,24","55,575"
09.01.2023,"211,95","127,86","13,138","27,4","81,361","110,836","93,14","55,774"
06.01.2023,"211,85","129,44","12,996","27,18","81,707","109,56","92,63","56,84"
05.01.2023,"211,65","128,52","13,098","26,715","80,62","109,417","92,63","55,469"
04.01.2023,"214,65","128,1","12,826","27,02","81,086","109,76","92,81","55,851"
03.01.2023,"225,8","127,86","12,972","26,605","79,788","109,12","92,76","54,77"
02.01.2023,"227,8","126,78","13,162","26,51","79,035","108,14","92,64","53,423"
30.12.2022,"223,75",124,"12,702","26,325","79,14","108,14","92,64","52,696"
29.12.2022,"226,5","124,64","12,69","26,415","78,874","108,14","92,61","53,507"
28.12.2022,"223,25","124,3","12,452","26,51","78,245","108,38","92,665","53,223"
27.12.2022,"223,35","123,68","12,802","26,58","78,325","108,6","92,8","53,323"
23.12.2022,"224,25","123,46","12,814","26,515","82,24","109,763","92,995","55,534"
22.12.2022,"224,85","123,18","12,802","26,57","79,9","110,06","93,03","55,761"
21.12.2022,"230,4","124,92","13,108","26,665","80,02","109,862","93,03","56,363"
20.12.2022,"228,4","123,04","13,02","26,415","80,295","110,101","93,18","56,442"
19.12.2022,"225,6","122,5","13,076","26,27","81,615","111,513","93,4","58,231"
16.12.2022,"230,9","121,84","13,298","26,095","82,457","111,793","93,45","59,247"
15.12.2022,"235,3","122,4","13,4","26,025","88,033","113,238","93,612","60,71"
14.12.2022,"240,3","124,76","13,516","27,03","84,549","113,238","93,612","61,523"
13.12.2022,"240,5","126,04","13,552","27,355","85,256","113,304","93,612","63,108"
12.12.2022,"238,35","127,26","13,762","27,305","85,117","113,02","93,337","63,742"
09.12.2022,"234,15","126,46","13,534","27,485","85,038","113,67","93,48","63,07"
08.12.2022,"233,95","125,74","13,43","27,035","86,489","114,437","93,48","64,411"
07.12.2022,"232,65","124,98","13,422","27,48","86,798","112,22","93,38","64,402"
06.12.2022,"233,35",125,"13,45","27,435","87,002","111,838","93,38","64,589"
05.12.2022,"237,05","125,98","13,698","27,39","86,36","111,77","93,48","63,829"
02.12.2022,"242,1",128,"14,108","27,27","86,182","110,473","93,425","63,529"
01.12.2022,"242,3","129,58",14,"27,29","86,209","110,233","93,534","63,029"
30.11.2022,"244,35","132,44","14,062","27,425","84,356","107,961","92,955","61,689"
29.11.2022,"232,7","132,12","13,944","27,265","84,484","109,681","93,051","61,837"
28.11.2022,"232,85","130,76","14,13","26,995","83,538","110,14","93,05","60,751"
25.11.2022,"238,05","131,64","14,164","27,265","83,786","109,85","92,955","60,927"
24.11.2022,"239,45",132,"14,034","27,4","88,828","109,47","92,955","62,238"
23.11.2022,"238,55",131,14,"27,19","87,977","108,62","92,955","60,929"
22.11.2022,"236,65","130,5","14,016","27,25","82,545","106,94","92,955","59,347"
21.11.2022,"236,9","129,8","13,822","26,9","82,149","106,81","93,024","59,256"
18.11.2022,"233,05","129,52","13,814","26,78","81,707","106,61","93,02","58,905"
17.11.2022,"232,5","127,78","13,75","26,54","81,126","106,61","93,02","58,801"
16.11.2022,"232,95","127,96","13,66","26,78","81,243","105,81","93,021","58,733"
15.11.2022,"234,45","128,28","13,738","26,675","84,545","105,64","92,988","57,152"
14.11.2022,235,"129,64","13,838","26,9","84,15","105,5","92,51","56,066"
11.11.2022,"238,8","130,56","13,764","26,675","78,726","105,85","92,57","56,131"
10.11.2022,"234,95","132,32","13,4","26,6","79,448","103,24","92,151","58,06"
09.11.2022,"224,8","129,42","13,3","26,395","77,843","101,22","91,395","56,365"
08.11.2022,"228,4","130,38","13,584","26,42","76,766","101,76","90,9","55,212"
07.11.2022,"227,35","131,04","13,646","26,37","80,25","102,08","90,9","54,323"
04.11.2022,"222,65","130,96","13,65","26,02","75,63","102,26","90,765","54,479"
03.11.2022,"220,05","130,28","14,1","25,695","78,824","102,26","90,77","55,215"
02.11.2022,"224,4","129,06","13,944",25,"76,278","102,279","91,235","56,257"
01.11.2022,"230,85","129,52","14,14","25,29","75,661","102,279","91,355","55,581"
31.10.2022,"235,7","126,98","13,9","25,045","78,634","102,21","91,24","55,36"
28.10.2022,"236,8","126,3","13,99","25,01","75,222","102,21","91,399","56,732"
27.10.2022,228,"124,84","13,636","25,03","75,915","101,83","91,24","56,84"
26.10.2022,"229,65","122,96","13,624","24,895","74,454","101,47","91,08","55,93"
25.10.2022,"251,3","123,08","13,678","24,77","73,569","100,71","90,685","55,366"
24.10.2022,"250,55",124,"13,502","24,845","71,82","99,47","90,715","52,736"
21.10.2022,"244,35","123,9","13,588","24,09","73,478","99,177","90,33","51,266"
20.10.2022,"240,45","118,48","13,5","24,305","71,268","101,23","90,47","52,599"
19.10.2022,"241,2","119,14","13,29","24,445","71,61","102,091","90,55","53,408"
18.10.2022,"242,5","121,44","13,7","24,29","72,207","103,53","90,989","53,43"
17.10.2022,"240,45","117,7","13,714","24,05","71,767","103,62","90,989","53,492"
14.10.2022,"236,7","113,44","13,832","23,935","70,656","103,62","91,06","51,974"
13.10.2022,"240,55","109,18","14,13","23,38","73,216","101,078","90,565","53,288"
12.10.2022,"233,5","106,66","13,872","22,95","73,069","103,677","91,132","52,305"
11.10.2022,"231,1","104,9","13,802","22,91","71,535","103,677","91,313","53,536"
10.10.2022,"236,35",109,"14,058","23,24","71,406","105,18","91,48","53,664"
07.10.2022,"240,2","108,4","13,9","23,185","73,279","105,18","91,498","56,214"
06.10.2022,"253,1","110,32","13,88","23,235","74,444","105,834","91,831","57,882"
05.10.2022,"252,75","111,6","13,9","23,345","74,788","105,834","92,067","58,014"
04.10.2022,"248,95","112,64","13,9","23,29","76,201","106,51","92,33","59,665"
03.10.2022,"246,4","109,44","13,736","22,28","75,269","105,788","91,75","59,838"
30.09.2022,"237,85","108,88","13,6","22,51","73,495","105,46","91,535","57,153"
29.09.2022,"242,5","107,96","13,612","22,515","72,415","105,472","91,45","56,324"
28.09.2022,"246,5","110,9","14,048","22,985","73,968","105,161","91,255","57,962"
27.09.2022,"245,85","110,22","14,002","23,05","73,957","107,62","91,46","57,588"
26.09.2022,248,"111,06","14,07","23,545","75,338","108,54","91,78","60,126"
23.09.2022,"245,2","112,64","14,032","24,095","76,542","108,643","92,197","60,734"
22.09.2022,246,"112,88","14,05","24,795","77,32",110,"92,751","60,506"
21.09.2022,"243,55","114,06","13,89","24,78","78,5",110,"92,979","61,249"
20.09.2022,"243,45","116,06","14,02","24,83","78,5",110,"93,03","59,721"
19.09.2022,"243,1","117,76","14,116","24,87","78,5",110,"93,295","61,912"
16.09.2022,"244,5","116,84","14,32","25,3","79,006","110,93","93,33","62,432"
15.09.2022,"245,45","116,46","14,05","25,315","79,173","110,567","93,36","62,863"
14.09.2022,"251,8","116,24","14,1","25,28","79,544","110,31","93,36","63,024"
13.09.2022,"253,4","116,6","13,95","25,375","79,347","111,568","93,5","61,831"
12.09.2022,"263,05","119,12","14,3","25,34","80,283","111,568","94,04","62,074"
09.09.2022,"263,05","118,6","14,434","24,845","79,446","111,568","94,075","61,368"
08.09.2022,"257,3","118,88","14,5","24,12","78,191","111,56","94,16","64,019"
07.09.2022,"258,4","115,68","14,2","23,86","78,916","111,56","93,885","63,3"
06.09.2022,"256,25","114,78","14,554","23,85","78,286","112,92","94,19","62,703"
05.09.2022,"259,2","114,84","14,53","23,415","78,593","112,92","94,38","62,747"
02.09.2022,"256,7","114,02","14,706","23,64","79,176","112,92","94,09","63,181"
01.09.2022,"259,3","115,02","14,75","23,26","78,666","112,92","94,2","62,756"
31.08.2022,"261,8","114,8","15,196","23,635","79,373","115,05","94,845","63,925"
30.08.2022,"262,1","114,1","14,896","23,635","79,944","115,05","94,9","64,399"
29.08.2022,"266,5","114,38","15,108","23,135","81,972","115,197","94,93","64,508"
26.08.2022,"269,25","115,72","15,016","23,805","83,298","115,197","95,295","65,424"
25.08.2022,"277,3","118,76","15,5","23,69","83,613","115,197","95,25","65,78"
24.08.2022,"277,8","116,04","15,444","23,62","82,889","115,197","95,3","66,033"
23.08.2022,"278,2",116,"15,262","23,91","82,976","115,197","95,36","66,243"
22.08.2022,"279,95","117,28","15,47","23,64","83,791","115,42","95,57","66,952"
19.08.2022,"285,2","118,02","15,328","24,14","85,342","116,451","95,79","67,451"
18.08.2022,"288,25","120,12","15,6","24,4","87,26","117,11","96,11","69,562"
17.08.2022,"286,15","120,3","15,8","24,42","87,16","117,682","96,142","69,415"
16.08.2022,288,"121,42","15,464","24,605","88,879","117,682","96,429","70,195"
15.08.2022,"288,6","119,28","15,8","24,63","90,189","117,682","96,42","71,695"
12.08.2022,"283,55","117,08","15,67","24,425","88,911","117,682","96,476","70,294"
11.08.2022,279,"116,18","15,358","24,285","89,127","118,725","96,801","70,538"
10.08.2022,280,"114,94","15,344","24,21","90,756","118,725","96,656","72,401"
09.08.2022,"276,6","112,96","14,95","24,01","90,305","118,725","96,36","71,483"
08.08.2022,"274,9","113,02","15,27","23,92","90,613","118,725","96,32","72,324"
05.08.2022,"277,45","113,62","15,3","23,625","89,895","118,725","96,72","71,567"
04.08.2022,"275,75","109,92","15,3","23,225","91,173","118,902","96,66","73,649"
03.08.2022,"277,8","112,24","16,05","23,435","90,415","118,902","96,41","73,056"
02.08.2022,"270,2","111,86","16,1","22,345","91,004",120,"97,27","74,38"
01.08.2022,"271,2","111,64","16,15","22,58","91,316","117,933","97,13","72,923"
29.07.2022,"274,8","113,3","15,65","22,505","90,777","117,933","96,95","73,085"
28.07.2022,"272,3","112,74","15,75","22,08","88,781","117,93","96,69","72,573"
27.07.2022,"263,7","112,72","15,562","22,01","87,496","117,93","96,217","70,81"
26.07.2022,"248,55","112,04","15,54","21,385","87,938","117,93","96,13","70,702"
25.07.2022,"252,15","112,58","15,51","21,43","87,057","117,93","96,13","69,266"
22.07.2022,"254,6","112,28","15,798","21,2","86,071","118,08","95,973","69,194"
21.07.2022,"258,8","112,82","15,502","21,235","83,947","116,082","95,23","67,688"
20.07.2022,"257,7","112,44","15,47","21,015","83,5","116,553","95,23","66,474"
19.07.2022,"252,85","111,9","15,572","21,315","82,5","116,553","95,23","66,256"
18.07.2022,"250,8","110,08","15,35","21,215","81,953","116,553","95,23","66,668"
15.07.2022,"253,9","111,44","15,396","21,02","82,626","115,927","95,23","68,01"
14.07.2022,"253,95","107,74","15,234","20,725","82,349","115,54","95,08","67,567"
13.07.2022,"250,6","113,06","15,4","21,425","82,547","114,982","94,99","67,154"
12.07.2022,"251,8","112,54","15,326","21,76","82,33","115,09","95,4","64,503"
11.07.2022,"263,4","112,24","15,51","21,465","80,897","115,09","95,156","64,503"
08.07.2022,"262,7","112,26","15,35","21,8","81,28","115,09","95,09","63,987"
07.07.2022,"264,3","112,64","15,46","21,315","81,331","115,09","95,44","65,144"
06.07.2022,262,"110,1","14,8","20,8","81,531","115,09","95,87","65,2"
05.07.2022,"255,2","109,68","14,904","20,5","81,251","114,839","95,74","65,475"
04.07.2022,"247,9","108,46","14,95","21,855","79,55","114,52","95,63","63,207"
01.07.2022,"247,25","107,44","14,83","21,72","80,14","114,52","95,52","64,624"
30.06.2022,"246,15","107,22","14,584","21,515","79,173","113,913","94,68","63,469"
29.06.2022,"248,75","110,28","14,92","22,11","77,87","113,56","94,39","62,034"
28.06.2022,"244,8","110,22","14,85","22,335","74,949","113,56","94,39","60,472"
27.06.2022,"250,3","109,9","14,692","21,99","75,79","113,84","94,57","61,981"
24.06.2022,"251,1","110,98",15,"22,115","79,115","113,84","94,57","62,788"
23.06.2022,"245,4","108,12","15,12","22,18","79,156","113,12","94,52","63,1"
22.06.2022,"240,9","108,18","15,006","22,32","77,529","113,12","94,273","60,892"
21.06.2022,"241,3","110,08",15,"22,665","76,126","113,31","94,2","58,871"
20.06.2022,"238,3","108,92","14,494","22,72","76,06","113,31","94,2","59,503"
17.06.2022,"238,1","108,12","14,6","22,48","77,161","113,31","94,2","59,511"
16.06.2022,231,"107,36","14,9","22,525","76,577","111,128","93,8","59,511"
15.06.2022,"241,2","109,24","14,862","23,105","78,276","111,128","93,42","61,312"
14.06.2022,"235,05","111,38","14,99","22,385","77,824","112,04","93,88","61,14"
13.06.2022,"232,7","111,18","14,83","22,19","79,553","112,04","94,23","63,046"
10.06.2022,"240,95","114,3","15,35","22,8","82,8","114,9","95,53","64,013"
09.06.2022,250,"117,94","15,664","23,465","84,075",115,"95,88","64,267"
08.06.2022,"252,1",120,"15,408","23,22","85,081","116,04","95,88","64,921"
07.06.2022,"254,2","121,3","15,498","23,755","85,608",115,"95,88","65,885"
06.06.2022,"249,9","121,84","15,524","23,865","85,28","116,13","96,06","65,11"
03.06.2022,"251,4","121,14","15,35","23,5","85,33","116,99","96,06","66,094"
02.06.2022,"254,45","122,66","15,85","23,49","85,788","118,2","96,06","66,791"
01.06.2022,257,"121,88","15,8","23,485","86,321","119,064","96,59","67,135"
31.05.2022,"253,8","123,16","15,452","23,66","87,269","119,064","96,59","68,356"
30.05.2022,"255,45","123,82","15,878","24,145","88,355","120,12","96,651","69,724"
27.05.2022,"253,1","122,14","15,45","24,24","88,786","120,12","96,651","70,816"
26.05.2022,"247,5","120,88","15,41","23,84","88,485","119,41","96,61","70,07"
25.05.2022,"246,7","118,5",15,"23,465","88,828","119,88","96,385","71,81"
24.05.2022,"241,6","117,68","14,838","23,305","89,219","116,484","95,965","72,279"
23.05.2022,"243,9","117,94","15,218","23,38","89,061","115,64","95,942","71,697"
20.05.2022,"238,9","110,36","15,25","23,56","89,782","115,64","95,942","72,987"
19.05.2022,"241,25","111,6","14,924","22,935","90,167","115,307","95,942","74,077"
18.05.2022,"242,45","114,84","15,156","23,45","89,621","114,12","95,63","72,647"
17.05.2022,"252,1","115,74","15,102","23,645","90,058","114,29","95,95","72,025"
16.05.2022,"250,05","113,28","15,352","22,925","90,509","114,93","96,036","73,323"
13.05.2022,"249,8","114,38","15,36","23,055","90,291","114,89","96,036","72,823"
12.05.2022,"241,85","112,94","15,1","22,59","91,359","115,01","96,036","74,304"
11.05.2022,"247,05","113,54","15,258","22,965","89,744","113,91","95,83","72,338"
10.05.2022,"256,4","113,24","15,946","22,65","89,678","114,427","95,75","72,572"
09.05.2022,"250,6","115,3","15,902","22,225","88,45","113,23","95,39","71,05"
06.05.2022,"260,25","118,46","16,202","22,865","89,068","114,47","95,502","70,743"
05.05.2022,"261,45","117,42","16,514","24,5","90,437","115,38","95,596","72,273"
04.05.2022,"273,25","120,1","16,47","25,32","91,58","115,38","95,41","73,776"
03.05.2022,"267,85","116,78","16,2","25,46","91,694","115,38","95,41","73,886"
02.05.2022,"269,6","114,56","16,038","25,15","91,597","115,38","95,72","74,311"
29.04.2022,"262,25","115,36","16,11","25,595","92,308","116,6","96,053","74,311"
28.04.2022,"275,35","117,26","16,478","25,5","92,814","116,6","96,16","74,178"
27.04.2022,"272,3","114,84","15,852","25,65","93,717","118,31","96,32","75,666"
26.04.2022,"255,25","115,5","15,75","26,03","94,376","118,973","96,178","76,414"
25.04.2022,"259,5","115,98","15,884","26,085","94,201","118,2","95,77","75,394"
22.04.2022,"254,65","117,42","15,502","26,605","93,64","117,73","95,77","74,182"
21.04.2022,"259,5","120,32","15,802","27,265","94,112","118,245","96,15","74,462"
20.04.2022,"264,5","121,12","16,194","27,17","95,115","117,88","96,15","75,174"
19.04.2022,265,"121,08","15,866","26,58","94,261",120,"96,39","73,517"
14.04.2022,"258,65","117,28","15,458","27,035","95,19","121,03","96,7","75,379"
13.04.2022,"264,9","117,52","15,588","26,955","96,58","120,24","96,7","77,152"
12.04.2022,"260,25","121,32","15,252","26,95","96,277","120,977","96,57","76,752"
11.04.2022,"263,3","122,1","15,302","26,625","95,988","122,17","96,62","76,866"
08.04.2022,"273,5","122,46","15,598","25,735","97,661","123,55","96,877","79,218"
07.04.2022,277,"120,86","15,866","25,565","97,916","124,22","97,11","79,256"
06.04.2022,"274,8","120,94","16,256","25,515","97,996","124,22","97,11","79,431"
05.04.2022,"287,1","122,2","16,56","25,535","98,768","126,99","97,35","80,669"
04.04.2022,"287,2","122,98","16,46","26,27","100,33","126,943","97,35","82,448"
01.04.2022,"278,65","124,62","16,022","26,725","99,595","126,943","97,491","81,821"
31.03.2022,"281,15","128,36","16,1","26,595","99,634","128,079","97,84","82,361"
30.03.2022,"280,9","126,12","16,428","26,595","98,578","126,788","97,66","80,658"
29.03.2022,"283,95","127,32","16,642","26,87","98,567","124,52","97,17","80,738"
28.03.2022,"282,35",127,"16,646","26,06","98,524","124,52","97,17","82,019"
25.03.2022,"275,2","129,04","16,198","25,805","97,729","124,86","97,69","81,684"
24.03.2022,"276,05","127,8","16,214","25,63","98,433","125,58","98,05","82,454"
23.03.2022,"271,65","126,78","15,916","25,64","99,049","125,71","98,05","82,954"
22.03.2022,"275,95","127,98","15,536","26,05","98,121","126,01","98,05","82,301"
21.03.2022,"272,4","127,46","15,63","25,49","98,256","127,7","98,69","82,846"
18.03.2022,"271,65","126,8","15,496","25,33","99,499","127,808","98,59","84,613"
17.03.2022,"265,1","124,66","15,52","25,585","99,274","126,609","98,506","84,375"
16.03.2022,"266,6","125,6","15,214","25,635","98,688","124,783","98,63","84,328"
15.03.2022,"260,65","120,98","14,91","25,06","99,086","124,54","98,68","85,277"
14.03.2022,"253,55","120,06","14,81","24,79","98,731","125,26","98,902","84,691"
11.03.2022,"256,7","120,56","14,856","24,115","100,935","126,73","99,53","87,276"
10.03.2022,"260,1",120,"14,672","23,9","100,491","127,26","99,66","87,275"
09.03.2022,"260,55","120,6","14,8","24,55","101,191","127,26","99,96","87,942"
08.03.2022,"255,15","117,5","14,58","22,77","102,515","127,26","100,331","89,848"
07.03.2022,"256,85","121,2","14,996","22,24","104,802","129,58","100,7","93,478"
04.03.2022,"264,3","122,7","15,688","22,275","106,13","130,017","100,73","94,319"
03.03.2022,267,"126,14",16,"23,605","104,713","129,76","100,73","90,536"
02.03.2022,"270,5","121,64","16,002","23,235","104,487","130,55","100,87","90,626"
01.03.2022,"263,4","120,84","16,594","23,3","105,82","130,275","100,65","90,881"
28.02.2022,"266,2","125,84","15,922","24,1","102,74","128,88","100,423","87,551"
25.02.2022,"263,55","132,5","16,458","25,04","101,929","128,88","100,09","86,549"
24.02.2022,"262,3","128,28","16,05","24,675","101,789","128,88","100,28","87,392"
23.02.2022,"247,7","135,06","16,324","26,495","102,79","128,88","100,09","86,676"
22.02.2022,"253,7","134,04","16,476","26,03","102,805","128,88","100,351","85,531"
21.02.2022,"242,1",128,"16,1","25,8","103,601","128,88","100,22","86,298"
18.02.2022,"255,15","133,02","16,41","26,83","104,037","128,88","100,15","86,165"
17.02.2022,"256,6","133,16","16,2","27,4","103,707","128,88","100,15","85,549"
16.02.2022,"262,5","136,08","16,566","28,04","103,204","128,88","100,21","84,761"
15.02.2022,"264,1","136,04","16,608","27,97","103,221","129,25","100,26","84,263"
14.02.2022,"261,05","133,8","16,75","27,545","103,874","130,08","100,31","85,959"
11.02.2022,"260,35","136,1",17,"28,38","104,252","130,26","100,31","85,935"
10.02.2022,"263,3","136,06","17,104","28,63","104,956","130,85","100,48","86,308"
09.02.2022,"270,95","137,26","17,798","28,925","106,009","131,03","100,77","86,925"
08.02.2022,"264,65","138,16","17,406","28,675","104,915","131,14","100,83","86,458"
07.02.2022,"263,9","133,68","16,952","27,995","105,22","131,39","100,83","87,795"
04.02.2022,"267,4","133,08","17,164","27,5","106,83","132,214","100,96","88,766"
03.02.2022,"263,85","129,96","17,796","28,22","109,239","133,04","101,37","89,221"
02.02.2022,"277,55","132,46","17,748","28,475","110,855","133,4","101,304","90,393"
01.02.2022,"273,75","133,66","17,5","28,145","110,349","133,26","101,28","89,906"
31.01.2022,"274,9","131,56","17,6","28,045","110,908","132,972","101,229","90,6"
28.01.2022,"275,65","129,48",17,"27,685","112,02","132,972","101,229","91,557"
27.01.2022,"267,6","132,46","16,994","28,165","112,439","133,35","101,31","91,674"
26.01.2022,"263,45","131,46","17,446","27,95","112,603","134,12","101,702","91,178"
25.01.2022,"257,5","125,7","17,496","27,2","112,92","134,72","101,702","91,812"
24.01.2022,261,"127,98","17,1","26,8","113,691","134,8","101,702","92,213"
21.01.2022,"260,85","129,8","17,508","27,365","113,431","134,07","101,702","91,669"
20.01.2022,"270,15","130,8","17,918","27,745","112,747","134,07","101,59","90,685"
19.01.2022,"267,7","131,8","18,186","27,945","112,365","134,07","101,59","90,055"
18.01.2022,"267,5","133,26","18,236","28,7","112,457","134,895","101,84","90,425"
17.01.2022,"272,45","139,98","18,856","28,625","112,629","135,7","102,07","90,68"
14.01.2022,"270,75","138,34","18,348","28,39","112,913","136,33","102,33","91,24"
13.01.2022,"265,85","146,8","18,422","28,205","113,843","136,33","102,33","92,04"
12.01.2022,"278,4","147,68","18,278","27,995","113,306","136,33","102,33","90,979"
11.01.2022,277,"147,16","17,48","27,86","112,823","135,92","102,33","90,187"
10.01.2022,"275,65","147,34","17,45","27,44","113,573","135,92","102,33","90,209"
07.01.2022,"276,3","147,02","17,522","27,475","113,304","136,89","102,615","90,347"
06.01.2022,"277,6","146,24","17,362","27,065","113,588","137,13","102,7","90,672"
05.01.2022,"280,9","147,94","17,894","27,015","113,8","138,35","102,938","90,88"
04.01.2022,292,"145,22","17,5","26,875","113,971","138,55","102,938","91,02"
03.01.2022,296,"143,24","16,488","26,525","113,927","139,79","103,24","92,339"
30.12.2021,302,"139,7","16,104","26,29","116,094","140,01","103,29","92,911"
29.12.2021,"301,9","139,7","16,284","26,17","114,829","140,34","103,29","92,479"
28.12.2021,302,"141,04","16,47","26,275","115,859","140,52","103,29","94,308"
27.12.2021,302,"139,48","16,1","26,025","115,742","139,985","103,29","94,259"
23.12.2021,"295,65",139,"16,25","25,96","115,708","139,985","103,29","93,894"
22.12.2021,294,"138,04","16,05","25,38","116,582","139,985","103,29","95,258"
21.12.2021,"289,35","138,22",16,"25,42","116,619","139,985","103,29","95,184"
20.12.2021,"283,75","134,98",16,"24,825","118,131","141,09","103,37","97,245"
17.12.2021,"288,2","141,46","16,348","25,22","118,479","141,09","103,25","97,648"
16.12.2021,"287,15","140,58","16,6","25,785","117,936","141,09","103,126","96,919"
15.12.2021,"296,3","140,6","16,696","25,385","118,463","141,13","103,126","98,102"
14.12.2021,"291,6","141,7","15,876","25,59","118,595","141,25","103,127","98,356"
13.12.2021,"301,75","140,1","15,478","25,36","118,863","140,99","103,127","98,738"
10.12.2021,"302,75","141,08","15,972","25,54","118,224","140,99","103,127",98
09.12.2021,"295,65","140,78","15,836","25,545","118,308","141,51","103,24","98,102"
08.12.2021,"293,2","142,58","16,238","25,595","117,624","142,14","103,317","97,595"
07.12.2021,"295,95","144,14","16,55","25,73","118,89","142,7","103,317","99,301"
06.12.2021,"289,35","141,8","16,3","25,475","118,223","143,08","103,34","99,379"
03.12.2021,"286,7",141,"16,292",25,"117,988","141,68","103,3","99,25"
02.12.2021,"291,35","142,56","15,938","25,155","117,09","141,68","103,441","98,865"
01.12.2021,"292,85","140,14","15,89","25,13","116,376","141,48","103,45","98,202"
30.11.2021,"291,15","139,54","15,4","24,46","115,734","141,48","103,625","98,151"
29.11.2021,"298,65","143,76","15,576","24,51","114,644","139,86","103,25","96,664"
26.11.2021,"290,6","142,92","16,032","24,2","114,412","139,86","103,21","96,738"
25.11.2021,"302,5","148,42","16,304","25,475","114,326","139,63","102,8","95,026"
24.11.2021,"300,95","150,34","16,652","25,665","114,034","139,18","102,8","94,193"
23.11.2021,"299,7","149,66","16,494","25,48","114,881","140,11","103,076","94,951"
22.11.2021,"302,7","146,28","16,422","25,315","116,496","141,35","103,387","96,887"
19.11.2021,"304,2","142,76","16,382","25,185","117,238","141,07","103,836","97,189"
18.11.2021,"300,25","143,66","16,398","25,2","116,344","140,05","103,7","96,012"
17.11.2021,"299,75","145,06","16,598","25,54","115,406","139,16","103,7","94,899"
16.11.2021,"300,65","146,06","16,648","25,56","115,977","141,13","103,772","94,849"
15.11.2021,"295,9","145,36","16,248","25,88","116,534","142,46","103,94","95,046"
12.11.2021,"294,5","145,24","15,956","25,855","117,501","142,87","104,04","95,514"
11.11.2021,"290,45","146,26","15,226","25,8","117,37","143,03","104,16","95,365"
10.11.2021,"288,6","145,12","15,318","25,83","117,792","143,4","104,359","95,711"
09.11.2021,"290,1","143,66","15,47","25,375","118,613","144,41","104,553","96,683"
08.11.2021,"290,95","146,3","15,682","25,675","117,085","143,4","104,49","94,257"
05.11.2021,"290,45","144,94","15,38","25,62","117,791","143,55","104,474","95,437"
04.11.2021,"291,45","145,06","15,528","25,875","116,475","142,27","104,261","93,115"
03.11.2021,"287,95","146,7","15,388","25,735","116,263","142,43","104,055","93,403"
02.11.2021,"287,85","147,86","15,488","25,51","116,025","142,05","104,055","92,727"
01.11.2021,"284,55","147,98","15,272","25,335","115,519","142,05","104,055","93,016"
29.10.2021,"285,35","146,88","14,94",25,"115,881","142,15","104,055","93,45"
28.10.2021,"276,85","145,7","15,078","24,44","115,787","142,39","104,235","93,232"
27.10.2021,280,"146,98","15,238","24,205","116,128","142,06","104,27","93,254"
26.10.2021,"267,4","147,64","15,238","24,345","114,807","140,525","104,232","91,055"
25.10.2021,"265,4","147,12","14,96","23,89","114,426","140,4","104,232","90,654"
22.10.2021,"265,35","146,96","15,078","23,95","114,595","140,4","104,232","90,935"
21.10.2021,267,"146,38","14,774","23,745","114,171","140,78","104,442","90,253"
20.10.2021,"263,85","144,84","14,95","23,975","114,093","140,82","104,49","89,9"
19.10.2021,"264,8","144,06","15,278","23,95","113,918","141,26","104,49","90,109"
18.10.2021,"264,75","144,72","15,252","23,81","114,796","141,26","104,49","91,166"
15.10.2021,262,"141,44","15,076","24,09","114,183","141,26","104,73","90,295"
14.10.2021,"260,6","139,64","15,002","23,795","114,531","140,809","104,73","90,458"
13.10.2021,"255,2","139,46","15,062","23,625","113,429","139,57","104,73","89,289"
12.10.2021,"254,6","143,12","15,338","23,885","112,324","139,5","104,91","87,477"
11.10.2021,"256,15","144,12","15,53","24,2","112,892","139,5","105,02","87,862"
08.10.2021,"255,05","146,94","14,802","24,29","113,446","140,23","105,02","88,502"
07.10.2021,"255,7","147,1","14,516","24,225","114,02","140,59","105,02","89,077"
06.10.2021,"252,9","145,46","14,052","23,815","114,082","140,59","105,02","89,097"
05.10.2021,"249,25","146,36","14,99","24,09","114,29","141,471","105,02","89,119"
04.10.2021,"242,65","145,52","14,902","23,86","114,69","141,61","105,02","89,908"
01.10.2021,"249,1","140,8","15,2","23,87","114,96","141,4","104,96","90,024"
30.09.2021,"245,5","142,74","15,6","24,03","114,559","141,4","104,96","89,487"
29.09.2021,246,143,"16,36","23,865","114,899","142,05","104,96","90,372"
28.09.2021,"242,4","143,42","15,866","23,51","114,69","142,48","105,02","90,066"
27.09.2021,"251,25","141,74","15,888","23,925","114,991","143,3","105,19","90,276"
24.09.2021,"255,2","139,02","15,516","23,43","115,154","144,35","105,24","90,182"
23.09.2021,"255,55","137,68","15,502","23,265","115,647","145,5","105,47","90,816"
22.09.2021,"255,25","132,12","15,442","23,07","116,787","145,23","105,47","92,435"
21.09.2021,"251,85","131,5","15,482","22,66","116,796","145,23","105,47","92,506"
20.09.2021,"250,8",130,"15,102","22,385","116,623","145,59","105,47","92,097"
17.09.2021,"256,05","134,32","15,49","22,715","116,153","144,82","105,5","91,071"
16.09.2021,"259,2","134,2","15,44","23,365","116,552","144,82","105,5","91,713"
15.09.2021,"258,25","133,04","14,986","23,3","116,653","145,05","105,5","91,878"
14.09.2021,"254,25","132,96","15,298","23,21","117,208","144,3","105,41","92,646"
13.09.2021,"251,6",135,"15,052","23,45","116,856","144,3","105,41","92,405"
10.09.2021,"250,15","135,12","15,398","23,375","116,948","144,28","105,41","92,742"
09.09.2021,"251,35","134,48","14,77","23,475","117,413","143,87","105,41","93,396"
08.09.2021,"253,2","133,98","15,38","23,425","116,809","143,87","105,41","92,449"
07.09.2021,"253,3","134,34","14,952","23,545","116,774","144,18","105,41","92,04"
06.09.2021,"255,1","134,04","14,796","23,815","117,559","145,04","105,41","93,004"
03.09.2021,"253,3","135,3","14,612","23,71","117,435","145,04","105,41","93,414"
02.09.2021,"253,4","135,4","14,384","23,745","117,945","145,12","105,41","93,414"
01.09.2021,"254,9","134,36","14,854","23,875","117,796","145,12","105,41","93,341"
31.08.2021,"255,75","135,34","14,722","23,78","118,211","145,12","105,41","94,025"
30.08.2021,"257,25","135,78","14,574","23,985","119,211","144,69","105,22","95,484"
27.08.2021,"253,7","137,3","14,56","24,145","119,039","144,69","105,22","94,912"
26.08.2021,"254,55","137,48","14,72","24,045","118,374","144,69","105,22","95,16"
25.08.2021,"256,9","136,56","14,506","24,095","119,143","144,69","105,36","95,109"
24.08.2021,"257,9","133,34","14,598","24,1","120,405","144,69","105,36","96,992"
23.08.2021,"259,45","133,14","14,448","24,195","120,427","144,69","105,36","97,017"
20.08.2021,"260,5","131,94","13,902","23,86","120,747","144,69","105,41","97,602"
19.08.2021,"254,5",132,"14,402","23,85","120,676","144,54","105,41","97,5"
18.08.2021,"248,8","133,1","15,006","24,165","120,73","144,54","105,41","97,041"
17.08.2021,"250,1","133,94","15,262","24,155","120,545","144,66","105,41","96,787"
16.08.2021,"250,3","134,66","15,164","24,32","120,58","144,22","105,36","96,736"
13.08.2021,"247,7","136,1","15,402","24,37","120,48","142,48","105,211","96,736"
12.08.2021,"246,85","137,72","15,422","24,255","120,319","142,45","105,211","96,508"
11.08.2021,"244,25","136,64","15,58","24,09","120,319","142,45","105,211","96,356"
10.08.2021,244,"134,44","15,362","23,805","120,172","143,1","105,41","96,456"
09.08.2021,"245,4","133,16","15,45","23,77","120,208","143,81","105,64","96,406"
06.08.2021,"245,9",134,"15,402","23,705","120,145","144,3","105,69","96,128"
05.08.2021,"244,25","128,1","15,4","23,355","121,039","145,83","105,97","97,446"
04.08.2021,"242,1","127,64","15,422","23,175","120,888","146,96","106,089","96,758"
03.08.2021,"241,75","128,26","15,7","23,105","120,5","144,95","105,993","96,48"
02.08.2021,"240,05","127,24","15,34","22,995","120,49","144,46","105,87","96,076"
30.07.2021,"240,2","127,88","15,018","21,785","119,917","144,46","105,846","95,573"
29.07.2021,"241,4","128,58","15,202","21,97","119,632","144,46","105,75","95,273"
28.07.2021,"241,95","127,92","15,138","21,84","119,596","144,55","105,75","95,072"
27.07.2021,"242,3","128,84","14,882","21,655","119,58","144,55","105,735","95,122"
26.07.2021,"244,85","126,24","15,162","21,725","119,082","144,55","105,735","94,401"
23.07.2021,"245,85","127,98","15,302","21,965","119,07","144,55","105,735","94,4"
22.07.2021,"242,8","130,06","14,962","21,84","119,188","144,76","105,735","94,548"
21.07.2021,238,"128,3","15,102","21,71","118,784","144,76","105,735","93,855"
20.07.2021,"237,5","127,16","15,142","21,205","119,027","145,92","105,735","94,845"
19.07.2021,"234,1","126,88","14,73","20,815","118,628","144,97","105,55","94,101"
16.07.2021,"237,95","128,66","15,052","21,75","117,867","143,72","105,43","92,704"
15.07.2021,"237,45","132,32","15,102","21,685","117,514","143,72","105,43","92,219"
14.07.2021,"239,15","130,76","15,152","21,845","117,132","143,34","105,43","91,542"
13.07.2021,"238,75","130,2","15,152","21,8","116,689","143,69","105,48","91,134"
12.07.2021,"233,7","130,62","15,044","21,905","116,763","143,69","105,624","91,086"
09.07.2021,"233,45","131,02","14,952","21,835","116,567","143,69","105,71","90,918"
08.07.2021,"234,15","126,96","14,642","21,06","116,925","143,69","105,71","92,699"
07.07.2021,"237,25","129,44","14,702","21,61","117,062","143,46","105,66","91,441"
06.07.2021,"234,45","129,62","14,602","21,53","116,372","142,62","105,588","90,462"
05.07.2021,"234,4",132,"14,852","21,935","115,121","142,47","105,588","88,816"
02.07.2021,"234,1","132,14","14,876","21,79","115,552","142,47","105,553","89,375"
01.07.2021,229,"132,3","14,606","21,66","114,834","141,95","105,553","88,674"
30.06.2021,"228,35","129,54","14,718","21,335","114,989","141,95","105,553","88,904"
29.06.2021,"228,1","129,4","14,762","21,685","114,237","141,73","105,553","88,021"
28.06.2021,"224,75",128,"14,854","21,68","114,609","141,73","105,553","88,32"
25.06.2021,"222,05","128,86","14,864","21,85","114,064","141,73","105,553","87,673"
24.06.2021,"223,5","127,7","14,85","21,855","114,757","141,35","105,553","88,643"
23.06.2021,"222,7","126,2","14,84","21,48","114,487","141,35","105,553","88,524"
22.06.2021,"221,95","126,06","15,22","21,62","114,294","141,35","105,553","88,453"
21.06.2021,"220,55","124,52","15,072","21,705","114,598","142,7","105,553","88,848"
18.06.2021,"219,35","124,26","14,984","21,895","115,105","141,58","105,74","90,021"
17.06.2021,"219,45","127,36","15,462","22,89","114,689","140,73","105,78","88,822"
16.06.2021,"214,2","127,56","15,232","22,68","114,726","140,73","106,175","88,516"
15.06.2021,213,"130,04","14,962","22,74","114,508","140,73","106,175","88,237"
14.06.2021,"214,05","130,24","14,834","22,64","114,913","140,73","106,175","88,561"
11.06.2021,"212,6","132,24","14,802","22,35","115,281","140,73","106,175","88,91"
10.06.2021,"210,85","131,66","14,858","22,27","114,781","139,84","106,01","88,21"
09.06.2021,"208,35","133,5","14,768","22,5","114,649","139,79","106,01","88,556"
08.06.2021,"207,5","135,16","14,798","22,895","114,383","139,21","105,82","87,951"
07.06.2021,208,"135,7","14,768","23,02","113,936","138,92","105,78","87,374"
04.06.2021,"206,1","136,42","14,962","22,855","114,04","138,25","105,78","87,442"
03.06.2021,"202,45","137,08","14,75","22,975","113,47","138,25","105,78","86,891"
02.06.2021,"202,35","136,5","14,202","22,96","113,608","138,25","105,78","87,116"
01.06.2021,203,"135,68","14,09","22,785","113,391","138,25","105,78","86,681"
31.05.2021,"204,05","135,08","13,5","22,67","113,388","138,58","105,78","86,999"
28.05.2021,"204,9","134,34","13,61","22,83","113,164","138,58","105,7","86,701"
27.05.2021,"204,95","133,56","13,502","22,635","113,045","138,6","105,7","86,586"
26.05.2021,"205,9","132,3","13,462","22,125","113,721","138,88","105,69","87,613"
25.05.2021,"205,2","133,84","13,256","22,27","112,967","138,59","105,64","86,399"
21.05.2021,"201,5","133,34","13,232","22,58","112,458","137,62","105,64","85,807"
20.05.2021,"201,5","131,4","13,062","22,355","111,983","137,19","105,64","85,513"
19.05.2021,"198,98","131,9","12,942","22,305","112,395","137,19","105,67","85,374"
18.05.2021,"198,9","135,12","13,156","22,67","113,001","137,19","105,67","85,53"
17.05.2021,"201,2","135,2","12,99","22,75","112,966","137,19","105,67","85,349"
14.05.2021,"204,6","134,92","12,806","22,755","113,569","136,62","105,55","85,46"
13.05.2021,202,"133,36","12,752","22,265","113,503","136,62","105,47","85,369"
12.05.2021,"197,86","130,34","12,602","22,755","113,445","137,66","105,486","85,275"
11.05.2021,"201,85","130,7","12,42","22,585","114,023","138,4","105,486","86,063"
10.05.2021,"204,35","133,7","12,834","23,03","114,971","138,97","105,486","87,365"
07.05.2021,208,"131,74","12,652","22,735","115,073","139,25","105,486","87,64"
06.05.2021,"206,3","132,82","12,724","24,005","115,278","138,84","105,26","87,963"
05.05.2021,"205,55","129,56","12,602","23,575","115,421","138,84","105,17","87,96"
04.05.2021,"205,25","127,2","12,376","23,75","115,658","138,84","105,17","88,471"
03.05.2021,"208,55","128,1","12,668","23,88","115,166","138,44","104,99","87,449"
30.04.2021,"209,35","127,88","12,65","23,45","114,892","138,44","104,91","87,309"
29.04.2021,"208,4","127,84","12,552","23,45","114,848","138,44","104,91","87,239"
28.04.2021,"209,65","126,02","12,702","23,61","115,539","138,44","104,91","88,488"
27.04.2021,"217,4","124,24","12,602","23,005","115,88","138,44","104,91","88,979"
26.04.2021,"216,45","124,3","12,66","23,265","115,932","138,44","104,91","89,072"
23.04.2021,"215,85","123,82","12,732","23,065","115,798","138,44","104,91","88,953"
22.04.2021,"213,8","123,92","12,876","23,245","115,793","138,13","104,91","89,353"
21.04.2021,"216,25","124,7","12,862","23,39","115,888","138,07","104,91","89,185"
20.04.2021,"214,45","124,3","12,984","23,115","115,648","138,07","104,82","88,995"
19.04.2021,"214,7","127,44",13,"23,75","115,363","138,07","104,82","88,432"
16.04.2021,"217,45","128,18","13,122","23,655","115,648","137,96","104,8","88,899"
15.04.2021,217,"126,96","13,268","23,35","116,087","137,96","104,77","89,606"
14.04.2021,"214,35","126,2","13,114","23,555","115,556","137,96","104,68","88,919"
13.04.2021,216,128,"12,866","23,9","116,196","137,96","104,62","89,436"
12.04.2021,"214,9","130,82","12,998","23,805","116,106","140,04","104,62","89,649"
09.04.2021,"214,4","131,24","13,094","23,505","116,216","138,27","104,62","89,98"
08.04.2021,"212,45","130,08","13,024","23,455","116,626","138,85","104,62","90,433"
07.04.2021,"210,2","130,36","12,992","23,435","116,555","137,39","104,5","90,12"
06.04.2021,"208,45","128,12","12,962","23,335","116,894","136,66","104,22","90,286"
01.04.2021,"205,45","130,38","13,01","22,855","116,609","136,66","104,21","90,525"
31.03.2021,202,"129,78","13,32","22,99","115,52","135,77","104,21","89,807"
30.03.2021,"197,98","132,9","13,2","23,1","114,792","135,77","104,21","89,186"
29.03.2021,"199,82","129,64","13,04","22,645","115,234","138,01","104,53","89,826"
26.03.2021,"199,28","130,32","12,96","22,55","115,827","138,01","104,53","90,878"
25.03.2021,"197,82","130,44","12,76","22,55","116,531","138,49","104,72","91,676"
24.03.2021,"199,48","128,4","12,64","22,505","116,047","138,49","104,72","90,851"
23.03.2021,"200,25","126,66","12,88","22,285","115,862","138,49","104,75","90,393"
22.03.2021,"197,6","126,36","12,88","22,515","115,478","138,49","104,48","89,581"
19.03.2021,"193,82","128,48","13,32","22,76","115,545","138,72","104,48","89,177"
18.03.2021,"194,3","134,72","13,04","22,785","115,121","138,85","104,48","88,587"
17.03.2021,"197,98","129,42","12,8","22,6","116,15","139,29","104,58","90,941"
16.03.2021,"200,2","128,78","12,84","22,625","116,759","140,22","104,58","91,086"
15.03.2021,"197,26","129,28","12,8","22,84","116,844","140,83","104,58","90,988"
12.03.2021,"196,86","131,3","12,6","22,83","116,703","141,29","104,68","90,122"
11.03.2021,"197,84","128,58","12,6","22,55","117,244","142,63","104,68","91,374"
10.03.2021,"195,7","127,98","12,68","22,785","117,449","142,63","104,57","91,372"
09.03.2021,"196,48","126,4","12,8","22,755","117,288","142,63","104,57","90,983"
08.03.2021,"193,08","128,98","12,6","22,49","117,092","142,63","104,57","90,5"
05.03.2021,"194,76","126,58","12,36","22,04","117,256","142,72","104,79","90,861"
04.03.2021,"189,5","126,38","12,4","21,91","117,427","142,72","105,4","91,078"
03.03.2021,"189,02","127,56","12,36","21,97","117,054","142,72","105,4","90,496"
02.03.2021,"194,16","124,72","12,16","21,625","118,323","142,72","105,3","92,17"
01.03.2021,"196,76","123,86","12,48","21,335","118,251","142,72","105,28","92,464"
26.02.2021,"193,76","123,76","12,32","20,75","117,197","142,72","105,13","91,242"
25.02.2021,"188,08","125,42","12,28",21,"116,646","142,72","105,84","90,228"
24.02.2021,"192,46","125,82","12,4","20,345","117,942","142,98","106,09","90,683"
23.02.2021,"191,92","124,78","12,56","20,1","118,072","144,1","106,09","91,36"
22.02.2021,"192,8","122,92","12,52","19,952","118,538","145,31","106,38","92,091"
19.02.2021,"198,8","122,3","12,64","19,782","117,945","145,31","106,59","90,922"
18.02.2021,"201,65","119,56","12,76","19,472","119,045","144,35","106,59","91,943"
17.02.2021,"202,6","119,14","12,92","19,838","119,4","144,35","106,59","92,579"
16.02.2021,"200,8","117,58","12,96","19,378","118,951","145,08","106,88","91,915"
15.02.2021,"202,6","117,92","13,24","19,624","119,653","145,39","106,99","92,874"
12.02.2021,201,"116,76","13,16","19,162","120,511","145,63","106,99","93,919"
11.02.2021,"200,95","115,12","13,16","19,354","121,34","146,15","106,99","95,28"
10.02.2021,"200,55","115,32","13,24","19,338","121,051","146,15","106,99",95
09.02.2021,"201,05","115,08","12,76","19,21","121,366","146,15","106,99","95,406"
08.02.2021,201,"116,18","12,72","19,334","121,353","146,15","106,99","95,253"
05.02.2021,"200,7","114,54","12,56","19,294","121,541","146,33","106,99","95,329"
04.02.2021,"201,65",115,"12,36","19,18","121,459","146,92","106,99","95,787"
03.02.2021,"202,45","112,7","12,28","18,99","121,69","147,54","106,99","96,145"
02.02.2021,"199,74","111,46",12,"18,918","122,162","148,1","106,99","96,866"
01.02.2021,"199,1",107,"11,68","18,394","122,332","148,1","106,99","97,776"
29.01.2021,192,"105,84","11,64","18,31","122,151","148,1","106,99","97,802"
28.01.2021,"197,52","107,26","11,8","18,84","122,901","148,71","106,99","98,721"
27.01.2021,"192,48","105,5","11,92","18,6","123,931","148,71","107,03","99,144"
26.01.2021,"191,06","108,28",12,"19,06","123,785","148,71","107,03","98,906"
25.01.2021,"188,44","108,68","12,16","18,778","124,143","148,71","107,03","99,649"
22.01.2021,"185,96","110,38","12,16","19,188","123,35","147,7","107,03","98,509"
21.01.2021,"185,44","111,12","12,28","19,534","123,209","147,7","107,03","97,958"
20.01.2021,"186,52","112,1","12,2","19,752","123,912","147,46","107,03","99,17"
19.01.2021,"178,42","114,48","12,2","19,694","123,52","147,32","107,03","99,038"
18.01.2021,"175,64","115,98","12,04","20,16","123,606","147,32","107,03","98,958"
15.01.2021,"176,14","115,52","12,32","19,914","124,184","147,32","107,03","99,489"
14.01.2021,"174,94","116,34","12,48","19,958","124,542","147,32","107,03","99,997"
13.01.2021,"178,02",115,"12,36","19,964","124,061","146,9","107,03","99,277"
12.01.2021,"176,14","116,12","12,48","20,155","123,061","146,9","107,03","97,564"
11.01.2021,"178,98","113,36","12,56","20,185","124,137","147,54","107,18","98,35"
08.01.2021,"179,88","110,06","12,56","20,34","124,273","147,97","107,27","99,303"
07.01.2021,"178,74","110,48","12,32","20,46","124,253","148,19","107,37","99,117"
06.01.2021,"172,42","106,82","12,36","20,275","123,893","149,67","107,37","99,41"
05.01.2021,"177,28","102,28","12,48","19,404","124,147","151,5","107,37","100,589"
04.01.2021,"177,12","102,58","12,6","19,452","124,76","151,5","107,33","100,941"
30.12.2020,"183,02","102,26","12,72","19,798","123,3","151,5","107,24","100,105"
29.12.2020,"183,16","102,1","12,6","19,676","124,033","151,5","107,24","100,482"
28.12.2020,"185,04","103,22","12,56","19,834","123,582","151,5","107,24","100,025"
23.12.2020,"181,64","103,74","12,24","19,498","123,589","151,5","107,24","99,757"
22.12.2020,"183,86","100,72","12,4","19,25","124,653","151,51","107,24","101,106"
21.12.2020,"181,94","101,58","12,4","19,3","124,112","151,51","107,24","101,623"
18.12.2020,"178,4","97,02","12,32",20,"124,179","151,51","107,24","100,187"
17.12.2020,"178,42","97,94","12,64","20,19","124,026","151,51","107,24","100,322"
16.12.2020,"180,32",99,"12,64","20,225","123,981","151,51","107,24","100,214"
15.12.2020,"176,04","98,82","12,56","19,948","124,73","152,54","107,24","101,27"
14.12.2020,"176,54","97,23","12,64","19,76","124,951","152,79","107,24","101,489"
11.12.2020,"175,58","98,37","12,4","19,528","125,19","152,79","107,24","102,228"
10.12.2020,174,"99,53","11,76","19,99","124,43","152,79","107,24","100,674"
09.12.2020,"175,18","100,04","11,64","20,01","124,598","152,92","107,24","100,701"
08.12.2020,"178,62","100,66","11,44","19,528","124,692","152,92","107,24","100,946"
07.12.2020,"176,06","100,54","11,4","19,712","124,083","152,92","107,24",100
04.12.2020,"175,98","100,86","11,44","19,99","123,504","152,92","107,24","98,851"
03.12.2020,"176,38","99,5","11,32","19,822","123,578","152,92","107,18","99,33"
02.12.2020,"177,36","100,52","11,36","19,974","122,928","152,92","107,18","98,611"
01.12.2020,"179,18","100,78","11,36","19,748","123,099","152,92","107,18","98,744"
30.11.2020,"178,44","100,88","11,44","19,732","123,923","152,68","107,15","100,513"
27.11.2020,"180,54","101,72","11,8","19,67","124,267","152,68","107,15","100,513"
26.11.2020,"179,7","102,22","11,8","19,8","124,309","152,68","107,15","100,486"
25.11.2020,"179,66","101,7","11,76","19,904","124,054","152,68","107,15","100,028"
24.11.2020,"179,48","101,26","12,08","19,558","123,918","152,68","107,15","99,893"
23.11.2020,"177,48",99,"12,08","18,95","123,958","152,68","107,15","99,92"
20.11.2020,"178,14","96,61","12,12","18,852","123,944","152,24","107,15","100,514"
19.11.2020,"179,24","97,22","11,92","18,882","123,921","152,19","107,15","100,487"
18.11.2020,"178,34","99,71","12,04","18,938","123,473","152,19","107,15","99,894"
17.11.2020,"180,88","97,79","12,12","19,054","123,651","152,19","107,15","99,759"
16.11.2020,"182,62","99,47","12,08","18,832","123,057","152,19","107,15","99,357"
13.11.2020,"182,56","96,36","11,88","18,37","122,676","152,19","107,15","99,09"
12.11.2020,"182,22",95,"11,96","17,938","122,369","152,19","107,15","98,451"
11.11.2020,"183,88","97,47","12,08","18,274","121,71","152,24","107,15","97,527"
10.11.2020,"178,52","98,27","11,88","18,002","120,912","152,24","107,15","96,846"
09.11.2020,"185,5","97,08","11,88","17,194","120,62","152,24","107,15","97,474"
06.11.2020,"188,56","86,59","11,56","15,79","121,651","152,24","107,15","100,924"
05.11.2020,"188,84","88,07","11,6","15,858","121,792","152,24","107,05","101,607"
04.11.2020,"184,8","85,74","11,4","15,402","121,242","151,95","106,71","101,855"
03.11.2020,"177,32","88,87","11,56","15,15","120,739","149,4","106,71","101,471"
02.11.2020,"173,16","86,05","11,36","14,416","120,785","149,4","107,09","101,773"
30.10.2020,"174,36","83,32","11,24","13,81","120,609","150,66","107,12","101,362"
29.10.2020,"174,94","82,03","11,2","13,72","120,973","150,76","107,4","101,718"
28.10.2020,"173,08","82,45","11,04","13,69","121,65","150,76","107,4","101,527"
27.10.2020,"178,48","83,88","11,16","14,1","121,173","150,76","107,4","100,789"
26.10.2020,"181,14","86,04","11,2","14,532","120,507","150,76","107,4","99,626"
23.10.2020,"182,04","87,28","11,2","14,954","120,418","150,76","107,4","99,572"
22.10.2020,"181,82","86,45","11,2","14,82","120,25","151,11","107,4","100,139"
21.10.2020,"182,74","83,7","11,2","14,914","120,781","151,11","107,4","100,328"
20.10.2020,"181,78","84,79","11,08","15,12","121,112","152,16","107,4","100,573"
19.10.2020,"182,28","86,93","11,08","15,176","121,391","152,16","107,4","100,491"
16.10.2020,"188,48","86,01","11,16","15,138","121,066","152,16","107,4","101,228"
15.10.2020,"187,64","85,06","10,92","15,252","120,923","152,16","107,4","101,557"
14.10.2020,"188,36","85,17","11,16","15,882","120,521","152,16","107,4","99,761"
13.10.2020,"190,98","85,8","11,28","15,878","119,796","152,16","107,4","99,17"
12.10.2020,"187,86","86,18","11,2","16,39","119,59","152,16","107,4","98,448"
09.10.2020,"182,08","85,66","11,24","16,198","119,034","152,16","107,4","98,342"
08.10.2020,"178,52","86,47","11,28","16,342","119,1","152,16","107,4","97,917"
07.10.2020,"178,38","84,71","11,24","16,102","118,096","152,16","107,4","97,126"
06.10.2020,"175,34","83,35","11,2","16,304","118,17","152,26","107,42","97,626"
05.10.2020,"177,1","84,26","11,16","15,888","117,876","152,26","107,57","97,837"
02.10.2020,"176,56","83,5","11,2","15,758","117,982","152,26","107,57","98,288"
01.10.2020,"180,76","82,68","11,24","15,85","117,617","152,26","107,57","97,652"
30.09.2020,"179,74","82,01","11,28","15,754","117,174","152,47","107,68","97,942"
29.09.2020,"177,5","81,14","11,52","15,958","117,366","152,47","107,68","98,607"
28.09.2020,"179,48","82,86","11,56","16,152","117,004","152,47","107,68","97,625"
25.09.2020,"179,36","80,34","11,32","15,814","117,079","152,72","107,68","97,281"
24.09.2020,"173,74","79,33","11,28","15,902","116,279","152,72","107,76","97,308"
23.09.2020,"171,8","79,72","11,52","15,74","116,306","152,86","107,95","97,044"
22.09.2020,"177,24","80,41","11,36","15,816","116,373","152,86","107,96","97,862"
21.09.2020,"171,64","80,02","11,24","16,016","117,082","152,86","108,05","98,154"
18.09.2020,"169,08","81,87","11,32","16,598","116,401","152,86","108,05","96,624"
17.09.2020,"170,6","83,61","11,36","16,882","116,542","152,86","108,05","96,467"
16.09.2020,"174,06","84,45","11,36","16,932","116,394","152,86","108,05","96,44"
15.09.2020,"175,24","84,66","11,24","17,262","116,025","152,86","108,05","96,413"
14.09.2020,"172,94","86,1","11,24","17,274","116,38","152,86","108,05","96,675"
11.09.2020,"172,4","85,32","11,08","17,238","116,091","152,86","108,05","95,97"
10.09.2020,"174,74","85,33","10,92","17,354","115,193","152,86","108,05","95,089"
09.09.2020,"179,14","85,25","11,12","17,426","115,32","152,86","108,16","95,553"
08.09.2020,"172,22","84,78","11,16","17,118","115,93","152,86","108,16","95,578"
07.09.2020,"180,56","87,42","11,04","17,31","115,297","153,01","108,16","95,61"
04.09.2020,"182,86","87,29","11,2","17,23","115,522","153,01","108,16","96,44"
03.09.2020,"183,38","85,72",11,"17,194","115,849","153,01","108,16","96,26"
02.09.2020,"196,2","84,53","11,08","17,332","115,165","151,78","108,16","96,07"
01.09.2020,"190,38","82,57","11,04","17,13","113,951","150,08","108,16","94,14"
31.08.2020,"189,78","83,84","11,12","17,036","113,61","149,17","108,16","93,05"
28.08.2020,"191,46","86,04","11,24","17,612","113,648","149,17","108,16","93,78"
27.08.2020,"191,96","86,51","11,28","17,384","113,793","151,37","108,16","94,39"
26.08.2020,"186,82","83,69","11,4","17,594","114,179","151,37","108,16","95,45"
25.08.2020,"182,84","84,38","11,36","17,51","114,646","151,37","108,16","96,99"
24.08.2020,"180,76","84,39","11,36","17,604","115,935","151,37","108,16","97,2"
21.08.2020,"181,18","82,61","11,36","17,146","116,441","151,37","108,16","97,327"
20.08.2020,"180,82","82,14","11,32","17,328","116,346","151,37","108,16","97,433"
19.08.2020,"176,92","83,49","11,4","17,636","115,616","151,37","108,16","96,484"
18.08.2020,"177,36","83,84","11,28","17,322","115,364","151,37","108,16","95,987"
17.08.2020,"177,08","83,93","11,36","17,398","115,248","151,37","108,27","95,596"
14.08.2020,"176,24","86,43","11,28","17,548","114,586","152,1","108,27","94,923"
13.08.2020,"176,98","86,4","11,6","17,644","114,354","153,66","108,34","94,768"
12.08.2020,"177,26","89,42","11,6","18,036","114,796","153,66","108,38","95,751"
11.08.2020,"174,8","89,77","11,48","17,914","115,373","155,36","108,51","96,639"
10.08.2020,"176,94","85,03","11,12","17,362","115,764","156,04","108,51","98,443"
07.08.2020,"179,92","84,21",11,"17,2","115,237","156,04","108,51","98,042"
06.08.2020,"182,08","81,79","10,76","17,098","115,559","155,81","108,51","98,98"
05.08.2020,"179,02","81,05","10,52","17,63","114,902","155,52","108,51","97,828"
04.08.2020,"180,02","80,87","10,36","17,508","115,772","155,52","108,19","99,412"
03.08.2020,"184,06","82,24","10,2","17,234","115,002","155,52","108,08","98,015"
31.07.2020,"173,54","81,96","10,08","17,15","115,305","155,52","108,08","98,255"
30.07.2020,"171,98","82,33","10,6","17,19","115,869","156,52","108,06","99,115"
29.07.2020,"173,2","83,2","10,52","17,87","115,084","156,52","108,06","97,455"
28.07.2020,"173,12","82,98","10,68","17,83","115,492","156,52","108,04","98,121"
27.07.2020,"173,4","82,21","10,92","17,748","115,113","156,52","108,04","97,428"
24.07.2020,"173,54","84,7","10,68","17,916","114,214","156,52","108,04","95,954"
23.07.2020,"174,78","84,73","10,88","18,082","114,815","156,5","107,67","97,242"
22.07.2020,"182,68","85,55","10,96","18,286","115,062","155,53","107,63","97,242"
21.07.2020,"180,72","86,53","11,04","18,488","114,386","154,6","107,63","95,847"
20.07.2020,"185,08","85,4","11,28","18,414","114,01","154,45","107,47","95,534"
17.07.2020,"177,24","85,71","11,08","18,382","113,505","154,45","107,23","95,664"
16.07.2020,"179,54","87,79","11,08","18,634","113,545","153,34","107,13","96,449"
15.07.2020,"182,08","87,2",11,"18,524","113,061","153,22","106,97","96,474"
14.07.2020,"183,2","86,35",11,"18,548","112,55","153,22","106,88","96,369"
13.07.2020,183,"85,18","11,1","18,548","111,61","153,22","106,85","94,754"
10.07.2020,"188,68","85,38",11,"18,17","112,304","153,22","106,85","97,081"
09.07.2020,"189,92","80,92",11,"18,102","111,988","151,14","106,83","96,658"
08.07.2020,"187,6","82,24",11,"18,252","111,326","151,14","106,83","95,582"
07.07.2020,"185,32","81,7","11,1","18,348","110,362","151,14","106,83","94,958"
06.07.2020,"186,08","83,01","11,2","19,332","110,621","150,45","106,83","94,621"
03.07.2020,"182,96","83,68","11,2","18,948","110,224","150,45","106,69","94,621"
02.07.2020,"183,94","83,17","11,1","19,244","110,079","150,17","106,69","94,827"
01.07.2020,"182,5","83,34","11,1","18,584","109,733","148,15","106,69","93,822"
30.06.2020,"180,02","83,4","11,1","18,488","110,382","148,07","106,69","96,155"
29.06.2020,"175,58","82,63","11,3","18,988","111,067","147,13","106,69","96,233"
26.06.2020,"175,68","83,3","11,2","18,512","111,844","146,65","106,98","96,602"
25.06.2020,"178,3","86,47","11,2","18,808","111,578","146,65","106,98","96,338"
24.06.2020,"175,46","85,73","11,3","18,39","111,277","147,6","106,98","94,745"
23.06.2020,"178,58","86,94","11,4","18,938","110,996","148,26","106,98","93,741"
22.06.2020,178,"86,8","11,4","18,446","112,128","148,26","106,98","95,368"
19.06.2020,"175,58","89,73","11,4","18,482","112,619","148,01","106,98","95,133"
18.06.2020,"175,08","88,58","11,6","18,72","112,519","148,01","106,98","94,951"
17.06.2020,"173,18","88,4","11,5","18,916","112,495","148,01","106,98","94,329"
16.06.2020,"170,64","91,63","11,5","19,062","112,862","147,62","106,94","94,328"
15.06.2020,"168,02","85,39","11,3","18,118","111,463","147,62","106,94","94,457"
12.06.2020,"166,1","88,64",11,"18,27","111,82","147,62",107,"94,508"
11.06.2020,"165,48","85,84",11,"17,962","111,546","147,62","107,01","94,456"
10.06.2020,"173,06",95,"11,5","19,102","111,213","146,9","106,97","91,258"
09.06.2020,"167,64","97,78","11,7","19,432","110,916","146,9","106,97","91,008"
08.06.2020,"166,28","100,02","11,6","19,884","111,646","146,9","106,9","90,117"
05.06.2020,"165,88","99,33","11,3","19,968","110,702","146,9","106,9","88,894"
04.06.2020,"160,96","90,87","11,3","19,336","108,533","146,9","106,9","90,287"
03.06.2020,"164,62","93,22","11,5","18,992","107,881","146,9","106,9","92,508"
02.06.2020,"165,32","89,15","11,3","17,314","108,056","146,9","106,9","93,987"
01.06.2020,"165,58","88,45","11,3","16,64","108,146","146,9","106,7","98,44"
29.05.2020,"165,84","87,54","11,3","16,546","108,196","146,9","106,61","95,778"
28.05.2020,164,"90,83","11,7","16,9","107,63","146,83","106,14","94,916"
27.05.2020,"164,56",91,"11,3","16,746","107,294","146,36","106,08","95,175"
26.05.2020,"165,32","87,94","11,2","15,9","107,129","145,19","105,7","95,279"
25.05.2020,"171,08","83,41",11,"15,486","107,203","146,01","105,7","96,991"
22.05.2020,"168,22","81,96","10,8","15,29","107,147","146,01","105,7","97,017"
21.05.2020,"168,16","82,92","10,7","15,472","107,475","145,59","105,29","97,283"
20.05.2020,"168,82","83,29","10,9","15,634","106,466","144,93","104,7","96,671"
19.05.2020,"168,54","82,86",11,"15,572","105,775","144,93","104,15","96,3"
18.05.2020,"169,84","82,97","10,9","15,668","105,058","144,93","104,06","97,016"
15.05.2020,"168,2","80,01","10,8","15,232","106,388","144,93",104,"98,247"
14.05.2020,"164,54","79,94","10,8","14,8","106,676","144,48","103,59","97,924"
13.05.2020,"165,2","78,18","10,8","15,412","106,931","144,38","103,59","97,87"
12.05.2020,"168,58","82,02","11,2","16,25","107,081","144,38","103,59","97,201"
11.05.2020,"173,22","82,84","11,4","15,912","107,203","144,38","103,59","97,041"
08.05.2020,"170,52","85,77","11,3","16,228","107,666","146,5","103,59","97,708"
07.05.2020,"169,64","85,59","11,2","16,268","107,774","146,5","103,34","97,708"
06.05.2020,"168,64","85,86","11,2","16,242","107,875","146,5","103,05","97,12"
05.05.2020,"167,74","84,65","11,1","15,992","109,633","146,5","103,03","99,087"
04.05.2020,"164,02","83,94","11,2","15,552","109,917","146,5","103,03","98,679"
30.04.2020,"163,48","86,93","11,3","16,262","110,971","146,5","103,03","99,989"
29.04.2020,"162,74","90,66","11,9","16,686","109,148","146,5","102,53","98,03"
28.04.2020,"156,76","89,76","11,7","15,994","108,29","146,5","102,33","97,171"
27.04.2020,"161,14","87,33","11,4","15,22","107,964","146,5","102,33","97,144"
24.04.2020,"161,06","82,01","11,2","14,708","107,083","146,5","102,33","97,545"
23.04.2020,"159,5","83,18","11,3","14,746","104,614","146,5","102,33","96,558"
22.04.2020,"160,3","83,55","11,1","14,732","103,876","146,5","102,33","96,398"
21.04.2020,"154,88","82,44",11,"14,744","104,15","146,5","102,94","97,437"
20.04.2020,"161,38","85,32","11,3","15,032","103,627","145,42","102,94","96,398"
17.04.2020,"162,96","85,04","11,3","15,062","103,397","145,42","102,94","97,383"
16.04.2020,"162,6","81,25","11,2","14,574","103,446","145,42","102,94","97,974"
15.04.2020,"157,56","83,04","11,5","15,016","103,187","142,93","102,94","97,624"
14.04.2020,"158,16","87,4","11,5","15,728","101,293","142,67","101,8","94,949"
09.04.2020,151,"93,49","11,3","16,056","98,244","140,19","100,94","93,549"
08.04.2020,"151,96","85,86","11,3","15,294","96,75","140,19","100,03","93,42"
07.04.2020,"150,18","85,57","11,2","15,124","95,413","140,19","100,03","94,191"
06.04.2020,"153,04","82,37","11,1","14,978","96,499","140,19","100,03","95,838"
03.04.2020,"142,22","77,13","10,7","13,78","97,337","140,19","100,03","97,14"
02.04.2020,"141,06","77,4","10,6","14,618","99,661","140,19","99,28","96,102"
01.04.2020,"139,1","77,63","10,6","14,998","96,105","140,19","99,28","95,784"
31.03.2020,"142,58","81,69","10,84","15,592","95,047","140,19","98,155","94,917"
30.03.2020,"144,9","82,47","11,16","15,696","95,049","140,19","98,155","97,353"
27.03.2020,"134,68","82,85","11,36","15,53","94,713","139,3","96,47","96,232"
26.03.2020,"141,12","88,64","11,32","16,298","98,611","135,82","95,37","92,77"
25.03.2020,"135,92","85,45","11,4","16,598",93,"135,82","95,37","93,152"
24.03.2020,"137,66","82,36","10,56","15,57",91,"128,67","95,37","95,281"
23.03.2020,"126,4","74,32","10,2","13,642","91,778","127,01","95,37","96,018"
20.03.2020,"128,58","80,54","11,32","13,798","93,894","127,01","95,37","95,516"
19.03.2020,"133,6","82,01","10,88","12,566","92,137","127,83","95,37","91,547"
18.03.2020,"129,48","75,8","10,48","12,318","92,121","132,97",96,"93,87"
17.03.2020,"132,48","79,51","10,56","13,782","98,557","138,4","97,89","98,84"
16.03.2020,"122,84","81,26","9,88","13,57","100,641","138,4","98,1","99,36"
13.03.2020,"138,86","90,99","10,16","15,872","104,806","138,4","99,48","103,394"
12.03.2020,123,"83,01","10,04","15,07","108,059","146,7","100,82","107,211"
11.03.2020,"136,72","86,99","11,04","17,282","110,826","149,57","100,82","108,137"
10.03.2020,"142,38","86,65",11,"18,398","111,538","152,63","100,82","108,981"
09.03.2020,"131,08","81,52","10,96","17,994","111,942","156,42",105,"108,409"
06.03.2020,"143,46","95,18","11,08","20,07","113,197","149,83",105,"103,769"
05.03.2020,"148,34","101,58","11,48","20,415","114,228","146,87","104,55","101,078"
04.03.2020,"152,68","107,52","11,76","21,385","113,37","146,87","104,23","100,049"
03.03.2020,"147,34","104,36","11,8","20,925","112,724","144,67","103,18","99,8"
02.03.2020,"153,22","106,14","11,84","20,58","112,306","144,67","103,18","100,632"
28.02.2020,"144,56","102,94","11,64","20,92","111,986","143,52","103,18","99,36"
27.02.2020,"143,98","111,56","11,64","21,705","114,364","143,52","103,18","97,213"
26.02.2020,"156,46","117,24","12,36","22,415","114,452","143,17","102,92","95,428"
25.02.2020,"154,58","116,2","12,64","22,465","115,132","143,17","102,92","96,489"
24.02.2020,157,"120,92","12,72","23,31","114,932","143,17","102,83","95,269"
21.02.2020,164,"124,52","12,68","24,065","114,819","142,95","102,33","94,613"
20.02.2020,"170,88","127,98","12,8","24,72","115,013","142,39","102,04","93,831"
19.02.2020,"173,04","127,02","12,68","25,295","114,315","142,39","101,98","92,747"
18.02.2020,"173,76","125,52","12,8","25,545","113,973","142,39","101,98","92,49"
17.02.2020,"172,58","126,84","12,92","25,49","114,198","141,76","101,81","92,387"
14.02.2020,"170,12","126,64","12,88","25,43","113,919","141,76","101,81","92,54"
13.02.2020,"170,32","127,08","12,96","25,285","113,664","141,62","101,81","92,105"
12.02.2020,"170,04","127,18","13,08","25,39","113,306","141,68","101,81","91,621"
11.02.2020,"169,28","126,24",13,"25,19","113,427","141,94","101,81","91,721"
10.02.2020,"172,28","126,08","12,96","24,97","114,554","141,94","101,81","92,459"
07.02.2020,"167,84","124,98","12,96","24,715","114,29","141,22","101,55","91,898"
06.02.2020,"166,38","125,56","13,04","24,83","114,18","140,98","101,51","91,012"
05.02.2020,"162,74","122,98","12,88","24,745","113,98","141,02","101,51","91,464"
04.02.2020,"162,7","123,4","12,76","24,62","114,9","141,2","101,67","92,609"
03.02.2020,"157,34","120,46","12,56","24,125","115,8","141,56","101,95","93,406"
31.01.2020,"153,7","119,24","12,44",24,"115,76","141,56","101,77","93,743"
30.01.2020,"156,72","121,04","12,8","24,285","115,21","141,56","101,77","93,044"
29.01.2020,"152,7","121,84","12,92","24,235","114,66","141,25","101,56","91,941"
28.01.2020,"150,66","121,86","12,84","24,235","113,89","141,25","101,56","91,255"
27.01.2020,"147,68","119,4","12,76","23,965","114,88","140,83","101,53","91,711"
24.01.2020,"149,74","121,98","12,84","24,185","114,11","140,29","101,07","90,675"
23.01.2020,"150,52","123,4","12,84","24,31","113,6","140,07","101,07","90,148"
22.01.2020,"149,5","123,54","12,68","24,3","112,829","138,91","101,07","89,153"
21.01.2020,"150,48","123,3","12,76","24,515","112,52","138,7","100,82","88,93"
20.01.2020,"151,4","124,1","12,68","24,495","111,84","137,58","100,71","87,828"
17.01.2020,"150,5",124,"12,56","24,305","111,71","137,39","100,71","87,657"
16.01.2020,"149,2","123,36","12,52","24,255","111,7",138,"100,71","88,069"
15.01.2020,"146,3","122,06","12,56","24,195","111,19",138,"100,71","87,556"
14.01.2020,"145,42","125,72","12,6","24,845","110,47","137,32","100,61","86,662"
13.01.2020,"146,08","122,68","12,64","25,37","110,09","137,32","100,61","86,207"
10.01.2020,"145,1","122,78","12,56","25,425","111,1","137,03","100,61","87,431"
09.01.2020,"145,72","123,74","12,6","25,29","110,86","136,97","100,61","87,068"
08.01.2020,"144,4","123,14","12,72","25,265","111,34","137,55","100,86","88,059"
07.01.2020,"141,9","121,78","12,68","25,28","112,55","137,95","100,86","88,867"
06.01.2020,"141,78","123,36","12,52","25,01","112,85","138,02","100,86","89,162"
03.01.2020,"142,48","123,9","12,56","25,435","112,96","138,02","100,71","89,161"
02.01.2020,"143,44","125,94","12,68","25,355","111,97","137,31","100,37","87,714"
30.12.2019,"142,04","124,38","12,64","25,28","110,78","138,29","100,37","86,911"
27.12.2019,"142,1","124,22","12,6","25,235","112,23","138,29","100,37","87,853"
23.12.2019,"141,86","124,02","12,8","25,4","112,01","138,1","100,37","88,02"
20.12.2019,"141,92","123,68","12,8","25,405","112,26","138,1","100,37","88,335"
19.12.2019,"139,94","123,34","12,84","25,08","112,16","138,1","100,37","87,772"
18.12.2019,"139,18","124,04","12,8","25,095","112,42","138,76","100,54","88,184"
17.12.2019,"138,96","123,42","12,76","24,88","113,32","138,76","100,55","89,516"
16.12.2019,"139,52","123,9","12,76","24,935","112,84","138,21","100,55","89,515"
13.12.2019,"138,94","122,94","12,72","24,885","113,11","138,21","100,55","89,29"
12.12.2019,"137,42","123,84","12,76","24,545","112,36","138,34","100,55","88,597"
11.12.2019,"136,24","121,16","12,68","24,535","113,25","138,34","100,49","89,435"
10.12.2019,"135,94","121,08","12,72","24,49","112,8","138,34","100,49","89,484"
09.12.2019,"136,94","121,38","12,88","24,82","112,88","138,34","100,49","89,633"
06.12.2019,"137,1","122,08","12,88","24,955","112,48","138,34","100,49","89,507"
05.12.2019,"134,96",120,"12,84","24,665","112,319","138,34","100,76","89,581"
04.12.2019,"135,28","119,36","12,96","24,585","112,97","138,34","101,01","90,48"
03.12.2019,"133,98",117,"12,68","24,29","113,82","137,64","100,45","90,909"
02.12.2019,"135,36","118,56","12,64","24,585","112,42","137,71","100,53","89,154"
29.11.2019,"138,18","120,16","12,72","24,67","114,05","138,15","100,66","91,11"
28.11.2019,"138,8","119,78","12,88","24,755","114,05","138,15","100,66","91,465"
27.11.2019,"138,38","119,94","12,92","24,855","114,31","138,15","100,66","90,289"
26.11.2019,"138,18","119,22","12,8","24,845","114,21","137,67","100,66","90,161"
25.11.2019,"137,42","119,36","12,92","25,09","113,73","137,32","100,64","89,678"
22.11.2019,"135,64","117,02","12,92","25,14","113,93","137,32","100,68","89,981"
21.11.2019,"135,24","117,42","12,84","25,05","113,16","137,32","100,68","88,919"
20.11.2019,"134,94","117,38","12,68","24,975","113,56","137,32","100,68","89,699"
19.11.2019,"135,84","117,76","12,92","25,215","113,62","136,07","100,34","89,42"
18.11.2019,"135,58","117,82","12,92","25,195","113,88","135,94","100,34","89,419"
15.11.2019,"135,34","116,98","13,16","25,24","114,23","135,86","100,27","89,494"
14.11.2019,"133,86","116,62","12,92","25,175","114,89","135,52","100,25","88,434"
13.11.2019,"133,78","116,64","13,12","25,29","114,02","134,85","100,07","88,359"
12.11.2019,"133,5","117,18","12,96","25,385","113,23","134,85","100,07","86,383"
11.11.2019,"132,26","117,64","13,12","25,25","113,11","134,85","100,24","86,651"
08.11.2019,"131,7","118,18","13,04","25,145","113,82","135,34","100,24","87,018"
07.11.2019,"130,72","117,68","12,8","24,895","113,33","135,47","100,4","86,673"
06.11.2019,"130,04","116,68","12,64","24,495","115,21","136,13","100,4","88,679"
05.11.2019,"130,56","117,42","12,6","24,235","114,7","136,13","100,79","88,078"
04.11.2019,"129,72","115,82","12,56","24,065","115,26","137,53","101,05","88,903"
01.11.2019,"128,46","113,94","12,48","23,765","115,58","137,53","101,16","90,093"
31.10.2019,"128,84","111,58","12,4","23,68","116,04","137,53","100,92","91,092"
30.10.2019,"129,84","112,66","12,48","23,885","114,78","136,37","100,91","89,581"
29.10.2019,"128,5","113,44","12,52","24,175","114,23","136,37","101,05","89,428"
28.10.2019,"130,2","113,82","12,44","24,33","113,62","137,27","101,09","88,57"
25.10.2019,"126,76","113,94","12,48","24,185","114,11","137,8","101,09","90,241"
24.10.2019,"126,06","112,52","12,36","24,34","114,88","137,8","101,09","91,243"
23.10.2019,"123,38","112,3","12,28","24,115","114,61","137,8","101,09","91,086"
22.10.2019,"122,56","111,36","12,16","24,03","113,68","137,8","101,03","90,212"
21.10.2019,"123,82","110,72","12,2","24,135","112,65","137,8","101,03","88,891"
18.10.2019,"123,64","107,94","12,08","23,935","113,43","137,92","101,03","90,134"
17.10.2019,"125,66","108,1","12,2","23,965","113,98","137,92","101,03","90,825"
16.10.2019,"126,8",108,"12,32","23,705","113,23","137,92","101,03","90,131"
15.10.2019,"128,32","110,26","12,4","23,915","113,261","137,92","101,03","90,874"
14.10.2019,"126,68","105,36","12,24","23,38","113,921","137,74","101,03","91,079"
11.10.2019,"127,44","105,1","12,24","23,575","113,071","137,74","101,03","91,416"
10.10.2019,"126,06","103,62",12,"22,75","114,261","138,81","101,59","92,985"
09.10.2019,"126,22","102,54","12,08","22,5","115,451","139,47","101,64","94,877"
08.10.2019,"124,62","101,94","11,92","22,445","116,111","139,47","101,64","96,179"
07.10.2019,"125,26","104,12","11,84","22,78","115,751","139,47","101,64","95,77"
04.10.2019,"125,7","104,26",12,"22,495","116,091","139,2","101,44","96,316"
03.10.2019,"124,56","102,2","11,88","22,43","115,171","138,71","101,08","95,59"
02.10.2019,"123,42","103,22","11,96","22,465","115,471","138,22","100,72","94,875"
01.10.2019,"125,5","105,5","12,16","23,115","115,811","137,9","100,54","95,66"
30.09.2019,"127,6","107,84","12,32","23,38","115,651","137,9","100,61","95,987"
27.09.2019,"125,56","107,5","12,494","23,14","115,86","137,9","100,61","96,726"
26.09.2019,"127,86","107,1","12,5","23,095","116,2","137,9","100,76","97,223"
25.09.2019,"127,72","106,94","12,438","22,77","116,69","137,9","100,79","95,493"
24.09.2019,"124,36","106,42","12,386","23,035","116,67","137,66","100,54","95,016"
23.09.2019,"126,74","107,98","12,484","23,115","115,98","137,1","100,44","94,081"
20.09.2019,"126,6","107,78","12,344","23,31","114,791","135,62","99,84","93,361"
19.09.2019,"127,6","108,2","12,266","22,925","114,221","135,62","99,82","92,773"
18.09.2019,"125,48","108,44","12,36","22,615","114,351","134,94","99,7","92,113"
17.09.2019,"123,6",107,"12,59","22,535","113,461","134,67","99,7","90,934"
16.09.2019,"123,86","108,12","12,32","22,395","113,481","134,67","99,7","90,379"
13.09.2019,"123,76","108,42","12,32","22,76","112,581","134,67","99,7","90,464"
12.09.2019,"124,72","106,5","12,268","22,47","114,171","136,43","100,18","92,881"
11.09.2019,"123,2","106,3","12,256","22,405","113,511","136,43","100,18","92,387"
10.09.2019,"122,5","105,7","12,07","22,435","113,491","138,67","101,14","95,188"
09.09.2019,"123,92","104,34","12,01","21,96","114,341","139,95","101,15","95,344"
06.09.2019,"126,16","102,08","11,89","21,535","115,721","139,98","101,19","97,417"
05.09.2019,"126,82","101,68","11,82","21,315","114,511","141,17","101,41","95,16"
04.09.2019,"124,5","99,48","11,96","21,055","117,061","141,53","101,41","99,092"
